Point_A,Point_B,Height_Difference,Distance,Num_Across,Difference_Between_BF,Date_Measured,Name_File,Source,File
1003Q,745A,-46.98073,14050,203,11.49,0,temp,1998-r1,0001_1003Q-745A.rez
4751,736A,-132.61936,6722,142,7.3,0,temp,1998-r1,1000_4751-736A.rez
4751,509U,-57.71494,5689,227,-3.87,0,temp,luba,1001_4751-509U.rez
4756,737A,-238.29539,8962,205,2.7,0,temp,1998-r1,1002_4756-737A.rez
4764,4765,51.61,1220,28,1.84,0,temp,1998-r2,1004_4764-4765.rez
4790,510U,26.20244,3056,80,-0.83,0,temp,1998-r2,1007_4790-510U.rez
4790,510U,26.20246,3190,92,0.35,0,temp,luba,1008_4790-510U.rez
4820,6011,-0.92666,1265,23,0.3,0,temp,3728,1014_4820-6011.rez
4820,60111,11.55686,1710,35,-0.35,0,temp,3728,1015_4820-60111.rez
4830,751A2,-0.33908,1335,33,1.2,0,temp,1998-r1,1016_4830-751A2.rez
4830,751A2,-0.34006,116,2,0,0,temp,1998-r1,1017_4830-751A2.rez
4830,757U,-36.47442,8253,171,7.7,0,temp,1998-r1,1018_4830-757U.rez
4839,762A,-29.27634,2575,39,-1.8,0,temp,1998-r1,1019_4839-762A.rez
4839,762A,-29.27249,2679,67,-1.95,0,temp,3728,1020_4839-762A.rez
4850,504U,62.11415,7497,146,-1,0,temp,1998-r1,1023_4850-504U.rez
49U,50U,-23.08254,7104,129,0.14,0,temp,1998-r1,1071_49U-50U.rez
49U,6234,-7.93647,2386,50,-1.62,0,temp,luba,1072_49U-6234.rez
4FB,699A,158.69982,35720,893,-3.73,0,temp,1998-r2,1073_4FB-699A.rez
508U,741A,-1.89285,3644,105,1.63,0,temp,luba,1090_508U-741A.rez
508U,741A,-1.86556,3450,60,-3.23,0,temp,1998-r2,1091_508U-741A.rez
508U,6056,12.37042,5353,134,3.5,0,temp,luba,1092_508U-6056.rez
509U,737A,-18.04266,1820,26,-1.18,0,temp,1998-r2,1107_509U-737A.rez
509U,741A,2.70106,1810,56,-0.02,0,temp,luba,1108_509U-741A.rez
509U,741A,2.72264,1750,32,-0.02,0,temp,1998-r2,1109_509U-741A.rez
50U,6234,15.16224,5669,118,-1.66,0,temp,luba,1110_50U-6234.rez
510U,6060,4.76478,202,7,-0.19,0,temp,1998-r1,1111_510U-6060.rez
510U,6060,4.76468,439,13,-0.3,0,temp,1998-r1,1112_510U-6060.rez
510U,6066,46.88918,2815,90,-0.58,0,temp,luba,1113_510U-6066.rez
51U,6024,-27.82578,2652,62,1.24,0,temp,luba,1116_51U-6024.rez
51U,6024,-27.83112,2646,57,-1.57,0,temp,1998-r1,1117_51U-6024.rez
52U,6022,3.06386,1873,40,-1.16,0,temp,luba,1120_52U-6022.rez
52U,6022,3.06154,1622,32,-1.18,0,temp,1998-r1,1121_52U-6022.rez
52U,6024,4.58,3425,52,2.03,0,temp,1998-r1,1122_52U-6024.rez
52U,6024,4.58574,3320,68,0.37,0,temp,luba,1123_52U-6024.rez
53U,6016,-0.75103,129,5,0.43,0,temp,luba,1125_53U-6016.rez
53U,6016,-0.74562,114,3,0.18,0,temp,1998-r1,1126_53U-6016.rez
53U,6039,-5.65146,2649,84,2.38,0,temp,luba,1127_53U-6039.rez
543A,6136,45.28208,1084,47,0.87,0,temp,1998-r1,1130_543A-6136.rez
543A,6136,45.26881,1094,34,0.12,0,temp,luba,1131_543A-6136.rez
544A,6141,-58.34331,2021,66,2.22,0,temp,1998-r1,1133_544A-6141.rez
544A,6141,-58.34331,2013,53,1.88,0,temp,luba,1134_544A-6141.rez
544A,6142,-26.3115,958,39,-0.03,0,temp,1998-r1,1135_544A-6142.rez
59PU,6195,10.4116,18721,466,1.11,0,temp,luba,1177_59PU-6195.rez
59PU,6222,1.1496,29933,789,-11.83,0,temp,luba,1178_59PU-6222.rez
59PU,6177,3.77586,2540,57,-3.26,0,temp,luba,1179_59PU-6177.rez
59U,6036,5.11816,1669,34,-0.89,0,temp,1998-r1,1180_59U-6036.rez
59U,6036,5.1369,1684,46,0.45,0,temp,luba,1181_59U-6036.rez
59U,6037,3.3195,1368,20,0.33,0,temp,1998-r1,1182_59U-6037.rez
59U,6037,3.323,1554,48,-2.17,0,temp,luba,1183_59U-6037.rez
6011,60111,12.46882,2904,46,-3.5,0,temp,1998-r1,1184_6011-60111.rez
60111,6013,-7.04419,2409,38,-4.05,0,temp,1998-r1,1185_60111-6013.rez
60111,6013,-7.06552,2416,43,-1.18,0,temp,3728,1186_60111-6013.rez
6013,60141,-14.60345,1656,35,0.86,0,temp,1998-r1,1187_6013-60141.rez
6013,60141,-14.59784,1642,30,-1.56,0,temp,3728,1188_6013-60141.rez
6014,60141,-10.92939,339,15,-0.55,0,temp,1998-r1,1189_6014-60141.rez
6014,60141,-10.85301,341,13,0.42,0,temp,3728,1190_6014-60141.rez
6016,6019,6.44356,1700,58,-0.53,0,temp,luba,1191_6016-6019.rez
6016,6018,5.8277,1695,28,1.88,0,temp,1998-r1,1192_6016-6018.rez
6016,6039,-4.9026,2551,44,1.42,0,temp,1998-r1,1193_6016-6039.rez
6018,6019,0.62011,60,2,-0.26,0,temp,1998-r1,1194_6018-6019.rez
6018,6019,0.618,86,2,-0.14,0,temp,luba,1195_6018-6019.rez
6018,6019,0.61329,86,3,0.01,0,temp,luba,1196_6018-6019.rez
6018,6021,3.65875,1085,24,0.33,0,temp,luba,1197_6018-6021.rez
6019,6021,3.03326,1131,16,1.08,0,temp,1998-r1,1198_6019-6021.rez
6019,63U,548.8676,22528,654,-1.93,0,temp,luba,1199_6019-63U.rez
6021,6022,-10.80729,2914,69,0.57,0,temp,1998-r1,1200_6021-6022.rez
6021,6022,-10.81174,2662,57,-1.36,0,temp,luba,1201_6021-6022.rez
6028,6153,-18.35285,10205,287,-2.44,0,temp,luba,1202_6028-6153.rez
6028,60281,-3.8711,174,9,0.61,0,temp,1998-r1,1203_6028-60281.rez
6033,6034,0.63158,1238,18,1.14,0,temp,1998-r1,1204_6033-6034.rez
6034,6035,1.24496,1299,22,1.47,0,temp,1998-r1,1205_6034-6035.rez
6034,6035,1.2612,1769,57,0.66,0,temp,luba,1206_6034-6035.rez
6035,6036,3.96519,1934,35,-2.49,0,temp,1998-r1,1207_6035-6036.rez
6035,6036,3.97308,2019,71,-0.75,0,temp,luba,1208_6035-6036.rez
6037,6038,-5.25288,1897,28,0.51,0,temp,1998-r1,1209_6037-6038.rez
6037,6038,-5.2572,2093,69,1.14,0,temp,luba,1210_6037-6038.rez
6038,6039,0.64889,395,10,0.96,0,temp,1998-r1,1211_6038-6039.rez
6038,6039,0.64895,278,11,0.09,0,temp,luba,1212_6038-6039.rez
6056,6058,9.33868,135,10,0.48,0,temp,1998-r1,1213_6056-6058.rez
6056,6058,9.33988,145,8,0.03,0,temp,luba,1214_6056-6058.rez
6058,6060,32.8722,6613,124,-0.47,0,temp,1998-r1,1215_6058-6060.rez
6060,6066,42.12358,2327,60,-0.12,0,temp,1998-r1,1216_6060-6066.rez
6062,6063,-70.70594,3647,89,-0.47,0,temp,1998-r1,1217_6062-6063.rez
6062,60621,-7.71877,128,8,0.14,0,temp,1998-r1,1218_6062-60621.rez
6063,60651,-121.39826,3568,79,4.39,0,temp,1998-r1,1219_6063-60651.rez
6063,60651,-121.39934,3564,142,-2.48,0,temp,luba,1220_6063-60651.rez
6066,6067,26.18608,2060,77,0.29,0,temp,luba,1221_6066-6067.rez
6066,6067,26.1894,1930,46,0.77,0,temp,1998-r1,1222_6066-6067.rez
6067,92U,10.43825,16221,525,-6.88,0,temp,1998-r1,1223_6067-92U.rez
6081,6123,-170.39625,41338,1412,-6.92,0,temp,1998-r1,1224_6081-6123.rez
6081,60961,-485.79626,29862,997,-1.03,0,temp,1998-r1,1225_6081-60961.rez
60961,6096,0.47139,78,8,0.01,0,temp,1998-r1,1226_60961-6096.rez
60961,6098,-113.53094,3611,146,1.05,0,temp,1998-r1,1227_60961-6098.rez
6098,6099,-49.76677,1119,51,-0.88,0,temp,1998-r1,1228_6098-6099.rez
6098,6099,-49.75935,1115,42,0.92,0,temp,luba,1229_6098-6099.rez
6123,6124,-128.08584,2678,156,-1.42,0,temp,luba,1231_6123-6124.rez
6123,6124,-128.08974,1492,86,-1.82,0,temp,1998-r1,1232_6123-6124.rez
6124,6126,-227.01628,2981,177,-0.83,0,temp,1998-r1,1233_6124-6126.rez
6124,6126,-227.00484,2991,168,1.99,0,temp,luba,1234_6124-6126.rez
6126,6128,-93.59268,1988,68,-3.38,0,temp,1998-r1,1235_6126-6128.rez
6126,6128,-93.57542,2014,80,-1.87,0,temp,luba,1236_6126-6128.rez
6128,6134,-90.90178,11102,254,3.41,0,temp,luba,1237_6128-6134.rez
6128,6131,-61.16714,6221,174,-4.72,0,temp,1998-r1,1238_6128-6131.rez
6131,6258,155.58325,6412,140,-1.05,0,temp,luba,1241_6131-6258.rez
6131,6132,-8.92251,2014,37,-2.38,0,temp,1998-r1,1242_6131-6132.rez
6131,6132,-9.46145,2015,40,-0.38,0,temp,luba,1243_6131-6132.rez
6132,6134,-20.80563,4080,74,-2.32,0,temp,1998-r1,1244_6132-6134.rez
6132,6134,-20.81223,4104,82,-2.46,0,temp,luba,1245_6132-6134.rez
6132,6134,-20.81223,4161,86,-2.4,0,temp,luba,1246_6132-6134.rez
6134,6135,2.83568,2179,49,-1.71,0,temp,1998-r1,1247_6134-6135.rez
6134,6135,2.84291,6517,192,0.86,0,temp,luba,1248_6134-6135.rez
6136,6137,-49.75273,2349,92,-2.28,0,temp,1998-r1,1249_6136-6137.rez
6136,6137,-49.73576,2360,66,-0.15,0,temp,luba,1250_6136-6137.rez
6139,6141,7.01139,3904,78,0.23,0,temp,luba,1251_6139-6141.rez
6139,6141,6.81116,3911,79,-2.1,0,temp,1998-r1,1252_6139-6141.rez
6142,6143,44.72983,1993,82,-0.25,0,temp,luba,1253_6142-6143.rez
6142,6143,44.74269,1826,97,-0.31,0,temp,1998-r1,1254_6142-6143.rez
6143,6144,66.20093,1273,52,-0.31,0,temp,luba,1255_6143-6144.rez
6143,6144,66.20335,1212,58,1.24,0,temp,1998-r1,1256_6143-6144.rez
6144,6147,-49.67782,5334,205,-3.02,0,temp,1998-r1,1257_6144-6147.rez
6147,6148,-66.77712,2022,73,2.71,0,temp,1998-r1,1258_6147-6148.rez
6147,6148,-66.69952,2565,70,2,0,temp,luba,1259_6147-6148.rez
6148,6151,-227.28675,5369,226,0.69,0,temp,1998-r1,1260_6148-6151.rez
6148,6151,-227.35147,5452,162,-1.49,0,temp,luba,1261_6148-6151.rez
6151,6152,-68.41178,1818,77,1.95,0,temp,1998-r1,1264_6151-6152.rez
6151,6153,-65.05894,2104,54,2.22,0,temp,luba,1265_6151-6153.rez
6152,6153,3.33925,318,10,0.38,0,temp,1998-r1,1266_6152-6153.rez
6209,6222,-4.96755,161,6,-0.4,0,temp,luba,1272_6209-6222.rez
6222,757U,6.47007,1416,39,-0.47,0,temp,luba,1279_6222-757U.rez
65PU,687A1,-20.48988,4849,73,6.14,0,temp,1998-r1,1313_65PU-687A1.rez
65PU,687A1,-20.4972,4645,111,2.29,0,temp,luba,1314_65PU-687A1.rez
756A,760A,58.76417,12167,186,-0.2,0,temp,1998-r1,1384_756A-760A.rez
1077,10771,52.32844,730,32,0.31,0,temp,1998-r2,0016_1077-10771.rez
1077,10771,52.33095,702,39,1.41,0,temp,3728,0017_1077-10771.rez
1077,1079,-184.82308,3990,114,2.04,0,temp,1998-r2,0018_1077-1079.rez
20F,6126,-250.65151,7313,274,3.99,0,temp,luba,0183_20F-6126.rez
20F,6131,-404.87014,12766,406,2.37,0,temp,luba,0184_20F-6131.rez
20F,6123,104.42777,11503,574,3.92,0,temp,luba,0185_20F-6123.rez
1077,1079,-184.77077,3908,156,0.78,0,temp,3728,0019_1077-1079.rez
1003Q,4488,-1.24683,22705,435,11.2,0,temp,1998-r1,0002_1003Q-4488.rez
10771,3145,-30.44288,5042,121,4.58,0,temp,3728,0020_10771-3145.rez
213A1,3100,5.14609,1507,30,-1.07,0,temp,1998-r1,0206_213A1-3100.rez
213A1,6016,0.19514,3852,76,0.25,0,temp,3728,0207_213A1-6016.rez
213A1,6015,-33.08843,3029,74,-1.24,0,temp,1998-r1,0208_213A1-6015.rez
213A1,6015,-33.12163,3014,65,3.52,0,temp,3728,0209_213A1-6015.rez
10771,3145,-30.43934,5640,98,-1.99,0,temp,1998-r2,0021_10771-3145.rez
1079,2481W,-1.40975,3860,86,3.44,0,temp,1998-r2,0022_1079-2481W.rez
1079,2481W,-1.36692,3943,101,0.71,0,temp,3728,0023_1079-2481W.rez
2301,504U,-185.78445,2737,109,3.21,0,temp,1998-r1,0235_2301-504U.rez
2301,4851,36.58933,934,26,0,0,temp,1998-r1,0236_2301-4851.rez
2301,4851,36.58882,1141,24,0,0,temp,1998-r1,0237_2301-4851.rez
243A,6032,-2.84979,1824,61,0.97,0,temp,luba,0238_243A-6032.rez
243A,6032,-3.54648,1824,54,1.63,0,temp,1998-r1,0239_243A-6032.rez
243A,6033,-9.01261,2160,36,-0.05,0,temp,1998-r1,0240_243A-6033.rez
243A,6033,-8.32254,2196,65,0.68,0,temp,luba,0241_243A-6033.rez
2479W,4820,-10.72426,7880,124,2.7,0,temp,1998-r2,0242_2479W-4820.rez
2479W,6015,-28.06922,3653,85,3.38,0,temp,3728,0243_2479W-6015.rez
2479W,6015,-28.03914,3649,120,2.68,0,temp,1998-r1,0244_2479W-6015.rez
2479W,6014,-9.95017,1561,36,0.33,0,temp,1998-r1,0245_2479W-6014.rez
2479W,6014,-10.03749,1634,36,1.46,0,temp,3728,0246_2479W-6014.rez
2481W,4760,-23.95931,1826,67,1.9,0,temp,3728,0247_2481W-4760.rez
2481W,4760,-23.95039,1860,50,-2.25,0,temp,1998-r2,0248_2481W-4760.rez
259A1,46PU,5.3615,5944,76,1.1,0,temp,1998-r1,0279_259A1-46PU.rez
259A1,6177,-10.91935,5879,119,-3.49,0,temp,luba,0280_259A1-6177.rez
259A1,29F,-2.06813,6601,100,4.98,0,temp,1998-r1,0281_259A1-29F.rez
259A1,46PU,5.37891,5793,118,1.09,0,temp,luba,0282_259A1-46PU.rez
1003Q,742A,119.67794,18159,340,36.35,0,temp,1998-r1,0003_1003Q-742A.rez
261A,756A,11.48939,6885,176,4.31,0,temp,3728,0308_261A-756A.rez
261A,3392MPI,-3.69033,23060,467,6.98,0,temp,3728,0309_261A-3392MPI.rez
261A,4665,-0.8434,2296,45,-1.47,0,temp,1998-r1,0310_261A-4665.rez
261A,756A,11.48635,10029,227,0.1,0,temp,1998-r1,0311_261A-756A.rez
291A,687A1,-4.52156,3594,85,-4.01,0,temp,luba,0341_291A-687A1.rez
291A,745A,-5.23794,4656,64,3.74,0,temp,1998-r1,0342_291A-745A.rez
291A,687A1,-4.52425,3483,45,1.5,0,temp,1998-r1,0343_291A-687A1.rez
291A,382U,-4.41457,4705,107,1.58,0,temp,luba,0344_291A-382U.rez
29F,760A,54.34829,21793,422,16.91,0,temp,1998-r1,0372_29F-760A.rez
29F,29F1,-5.48873,1077,16,1.1,0,temp,1998-r1,0373_29F-29F1.rez
29F1,65PU,12.19321,1656,28,0.6,0,temp,1998-r1,0374_29F1-65PU.rez
29F1,6177,-3.36228,1351,39,-0.51,0,temp,luba,0375_29F1-6177.rez
29F1,65PU,12.19425,1598,41,-1.16,0,temp,luba,0376_29F1-65PU.rez
30541,502U,-8.78858,2441,33,-0.1,0,temp,1998-r1,0386_30541-502U.rez
30541,502U,-8.76715,2471,49,0.8,0,temp,3728,0387_30541-502U.rez
30541,762A,5.21829,353,11,0.48,0,temp,3728,0388_30541-762A.rez
30541,762A,5.19767,346,7,1.1,0,temp,1998-r1,0389_30541-762A.rez
113U,6142,-24.92698,26934,751,0.61,0,temp,luba,0039_113U-6142.rez
100U,60281,-265.67936,4837,270,-4.84,0,temp,1998-r1,0004_100U-60281.rez
113U,544A,1.38303,216,6,-0.43,0,temp,luba,0040_113U-544A.rez
3100,4065,89.04038,6420,120,-4.91,0,temp,1998-r2,0402_3100-4065.rez
3100,53U,-4.18433,2285,48,0.8,0,temp,1998-r1,0403_3100-53U.rez
113U,6142,-24.92802,821,28,0.67,0,temp,luba,0041_113U-6142.rez
3145,4764,-117.06251,3707,84,3.66,0,temp,3728,0414_3145-4764.rez
3145,4765,-65.46179,2500,42,-0.96,0,temp,1998-r2,0415_3145-4765.rez
114U,6137,-0.01749,2179,62,-1.75,0,temp,1998-r1,0044_114U-6137.rez
114U,6137,-0.01476,2181,54,2.1,0,temp,luba,0045_114U-6137.rez
114U,6139,-18.56459,2985,70,1.76,0,temp,1998-r1,0046_114U-6139.rez
114U,6139,-18.76436,2909,62,0.37,0,temp,luba,0047_114U-6139.rez
100U,6028,-261.8803,4844,225,-0.44,0,temp,luba,0005_100U-6028.rez
115U,543A,10.86931,1365,32,0.56,0,temp,luba,0050_115U-543A.rez
115U,543A,10.86899,1319,31,2.06,0,temp,1998-r1,0051_115U-543A.rez
32FE,4839,64.04764,13319,249,0.63,0,temp,3728,0516_32FE-4839.rez
32FE,44531,48.1114,10722,148,10.8,0,temp,1998-r1,0517_32FE-44531.rez
32FE,4FB,77.115,18630,292,0.68,0,temp,1998-r2,0518_32FE-4FB.rez
32FE,4528,-41.27419,5082,107,-0.65,0,temp,1998-r1,0519_32FE-4528.rez
115U,6135,2.02163,2049,42,1.92,0,temp,1998-r1,0052_115U-6135.rez
32FE,4092,116.62282,4752,77,0.26,0,temp,1998-r2,0520_32FE-4092.rez
32FE,4850,2.12258,245,7,0.61,0,temp,1998-r1,0521_32FE-4850.rez
32FE,4850,2.11802,242,7,0.62,0,temp,3728,0522_32FE-4850.rez
115U,6135,2.0208,2050,42,-1.91,0,temp,luba,0053_115U-6135.rez
3392MPI,3411MPI,-0.70725,2275,62,-1.37,0,temp,luba,0535_3392MPI-3411MPI.rez
3392MPI,3731,334.69668,32166,943,-9.02,0,temp,luba,0536_3392MPI-3731.rez
3392MPI,3411MPI,-0.71319,1713,38,-1.04,0,temp,3728,0537_3392MPI-3411MPI.rez
3411MPI,3412MPI,0.01442,156,5,0.02,0,temp,3728,0544_3411MPI-3412MPI.rez
3411MPI,736A,83.38109,18827,518,-5.3,0,temp,luba,0545_3411MPI-736A.rez
3475MPI,6098,109.27918,7328,217,0.19,0,temp,luba,0580_3475MPI-6098.rez
3475MPI,6067,209.99887,16011,558,1.58,0,temp,luba,0581_3475MPI-6067.rez
3475MPI,92U,220.41651,6964,263,2.18,0,temp,luba,0582_3475MPI-92U.rez
3477MPI,6034,-9.507,690,24,0.68,0,temp,luba,0583_3477MPI-6034.rez
3477MPI,45U,131.44392,2171,128,0.01,0,temp,luba,0584_3477MPI-45U.rez
3477MPI,6033,-10.12884,912,28,-0.55,0,temp,luba,0585_3477MPI-6033.rez
34FE,88BY,-53.86826,17780,294,31.35,0,temp,1998-r2,0593_34FE-88BY.rez
34FE,4525,23.80371,3470,50,1.86,0,temp,1998-r2,0594_34FE-4525.rez
34FE,4820,-96.89982,9930,173,4.65,0,temp,1998-r2,0595_34FE-4820.rez
100U,6099,51.03428,1203,72,0.64,0,temp,1998-r1,0006_100U-6099.rez
3526,4664,-1.11351,2219,55,0.53,0,temp,luba,0606_3526-4664.rez
3526,757U,11.36118,2349,47,2.9,0,temp,1998-r1,0607_3526-757U.rez
3526,4664,-1.10749,3093,45,-0.5,0,temp,1998-r1,0608_3526-4664.rez
3526,757U,11.36081,2157,53,-0.57,0,temp,luba,0609_3526-757U.rez
35PU,6209,-26.2154,11950,252,4.69,0,temp,luba,0619_35PU-6209.rez
35PU,46PU,-12.26014,2371,48,0.59,0,temp,luba,0620_35PU-46PU.rez
35PU,46PU,-12.27096,2384,31,0.9,0,temp,1998-r1,0621_35PU-46PU.rez
35PU,751A2,11.41919,6357,97,1.76,0,temp,1998-r1,0622_35PU-751A2.rez
118U,3772,8.50262,1221,32,-0.8,0,temp,luba,0063_118U-3772.rez
118U,3772,8.504,1285,30,0.53,0,temp,luba,0064_118U-3772.rez
118U,6258,-75.41633,1271,50,0.87,0,temp,luba,0065_118U-6258.rez
119U,129U,504.68938,28073,812,-2.83,0,temp,luba,0066_119U-129U.rez
119U,3772,-98.21614,1843,64,0.86,0,temp,luba,0067_119U-3772.rez
3731,92U,-39.20969,4220,116,-2.02,0,temp,1998-r1,0677_3731-92U.rez
3731,6081,448.94555,31684,1250,-1.69,0,temp,1998-r1,0678_3731-6081.rez
3731,92U,-39.20854,4158,128,2.12,0,temp,luba,0679_3731-92U.rez
119U,3757MPI,885.404,14618,713,10.7,0,temp,3786-line_7,0068_119U-3757MPI.rez
3740,510U,-27.6311,2400,65,-1.88,0,temp,luba,0680_3740-510U.rez
3740,6060,-22.88381,2347,34,0.46,0,temp,1998-r1,0681_3740-6060.rez
3740,6062,-16.81387,2063,50,-1.57,0,temp,1998-r1,0682_3740-6062.rez
3740,6063,-87.50764,5709,192,0.76,0,temp,luba,0683_3740-6063.rez
3756MPI,3752MPI,428.254,5992,292,0.74,0,temp,3786-line_7,0688_3756MPI-3752MPI.rez
3756MPI,3757MPI,-133.23655,3104,112,2.3,0,temp,3786-line_7,0689_3756MPI-3757MPI.rez
119U,6258,-182.14319,4366,148,0.13,0,temp,3786-line_7,0069_119U-6258.rez
3756MPI,3757MPI,-133.23655,6090,280,4.9,0,temp,3786-line_7,0690_3756MPI-3757MPI.rez
37H,4665,1.14372,1344,20,0,0,temp,1998-r1,0698_37H-4665.rez
37H,4664,0.39986,1586,44,0,0,temp,luba,0699_37H-4664.rez
100U,6099,51.02921,1194,60,1.22,0,temp,luba,0007_100U-6099.rez
37H,4665,1.14367,1423,34,2.36,0,temp,luba,0700_37H-4665.rez
37H,4664,0.40144,1534,23,1.4,0,temp,1998-r1,0701_37H-4664.rez
37H,4665,1.14451,1308,18,0,0,temp,1998-r1,0702_37H-4665.rez
382U,6195,11.47245,1882,46,1.22,0,temp,luba,0703_382U-6195.rez
382U,6174,24.99567,19815,535,-7.12,0,temp,luba,0704_382U-6174.rez
383U,745A,-10.10415,7906,120,2.85,0,temp,1998-r1,0705_383U-745A.rez
383U,6195,2.19089,7004,185,-0.11,0,temp,luba,0706_383U-6195.rez
39U,721U,20.80865,20375,437,12.5,0,temp,3728,0716_39U-721U.rez
39U,6011,-15.44979,5086,109,2.74,0,temp,3728,0717_39U-6011.rez
39U,4525,105.97568,4615,126,-1.31,0,temp,1998-r1,0718_39U-4525.rez
39U,6011,-15.69682,5115,106,1.12,0,temp,1998-r1,0719_39U-6011.rez
124U,132U,30.40734,7520,160,-0.65,0,temp,luba,0073_124U-132U.rez
124U,6226,415.18323,21425,472,0.67,0,temp,luba,0074_124U-6226.rez
4057,736A,74.47298,11573,234,6.67,0,temp,1998-r1,0743_4057-736A.rez
4057,736A,74.47644,7278,143,5.7,0,temp,1998-r1,0744_4057-736A.rez
4057,756A,6.8548,4479,82,3.92,0,temp,1998-r1,0745_4057-756A.rez
4065,6016,-94.02406,5205,153,3.87,0,temp,3728,0748_4065-6016.rez
4065,4760,64.59686,1000,40,-2.19,0,temp,1998-r2,0749_4065-4760.rez
124U,63U,-74.36864,12560,256,-2.3,0,temp,luba,0075_124U-63U.rez
4065,4760,64.55575,1021,51,2.3,0,temp,3728,0750_4065-4760.rez
4067,4756,-49.14519,1374,36,2,0,temp,1998-r1,0751_4067-4756.rez
4067,4851,-80.24695,5902,176,4.17,0,temp,1998-r1,0752_4067-4851.rez
4067,504U,-302.62367,9887,384,-0.44,0,temp,1998-r1,0753_4067-504U.rez
4067,6056,-252.42576,8543,357,3.87,0,temp,1998-r1,0754_4067-6056.rez
4067,4756,-49.14594,1697,57,-0.71,0,temp,1998-r2,0755_4067-4756.rez
4067,4069,-255.63537,9349,289,-3.4,0,temp,1998-r2,0756_4067-4069.rez
4069,4790,14.44772,3405,80,-2.27,0,temp,1998-r2,0757_4069-4790.rez
4069,508U,-9.17612,6170,96,-1.86,0,temp,1998-r2,0758_4069-508U.rez
4069,4790,14.44815,3049,79,0.15,0,temp,luba,0759_4069-4790.rez
129U,4502,-565.48303,16575,436,-3.25,0,temp,luba,0076_129U-4502.rez
4069,6058,12.54087,796,25,-0.62,0,temp,luba,0760_4069-6058.rez
4084,510U,-0.19122,2570,50,-3.21,0,temp,1998-r2,0765_4084-510U.rez
4084,4765,-90.02971,8060,150,3.32,0,temp,1998-r2,0766_4084-4765.rez
4084,510U,-0.19203,2500,50,-0.36,0,temp,1998-r2,0767_4084-510U.rez
4092,4764,-106.18715,10760,188,9.51,0,temp,1998-r2,0768_4092-4764.rez
4092,4850,-114.4905,4968,124,0.67,0,temp,3728,0769_4092-4850.rez
129U,6226,-104.56308,12203,276,0.37,0,temp,luba,0077_129U-6226.rez
4092,4764,-106.17109,10881,311,3.91,0,temp,3728,0770_4092-4764.rez
132U,6234,-635.1881,16733,475,-4.5,0,temp,luba,0082_132U-6234.rez
132U,4496,58.58126,10802,244,0.36,0,temp,luba,0083_132U-4496.rez
4252,51U,26.62775,4137,93,-1.93,0,temp,1998-r1,0841_4252-51U.rez
4252,50U,8.3425,2515,55,-3,0,temp,1998-r1,0842_4252-50U.rez
4252,50U,8.33138,2497,52,-0.22,0,temp,luba,0843_4252-50U.rez
4252,51U,26.62835,4263,92,-0.1,0,temp,luba,0844_4252-51U.rez
4252,63U,553.90243,15163,484,1.27,0,temp,luba,0845_4252-63U.rez
4256,49U,4.43305,177,6,-0.5,0,temp,1998-r1,0846_4256-49U.rez
4256,49U,4.43058,167,4,-0.36,0,temp,luba,0847_4256-49U.rez
4256,6153,-22.0657,1078,31,-1.39,0,temp,1998-r1,0848_4256-6153.rez
4256,6153,-22.05802,1046,22,0.64,0,temp,luba,0849_4256-6153.rez
4260,6028,18.13071,8237,224,2.35,0,temp,1998-r1,0850_4260-6028.rez
4260,48U,-0.08362,19,1,0.2,0,temp,1998-r1,0851_4260-48U.rez
4260,6152,-3.6477,3445,78,2.32,0,temp,1998-r1,0852_4260-6152.rez
44531,4839,15.94891,3105,46,0.76,0,temp,1998-r1,0919_44531-4839.rez
44531,4FB,29.01832,18220,306,-10.67,0,temp,1998-r2,0920_44531-4FB.rez
44531,742A,63.4201,1851,36,0,0,temp,1998-r1,0921_44531-742A.rez
44531,742A,63.41508,1847,40,0,0,temp,1998-r1,0922_44531-742A.rez
44551,756A,-36.98932,17528,384,10.56,0,temp,3728,0923_44551-756A.rez
44551,502U,28.87513,3459,72,1.14,0,temp,3728,0924_44551-502U.rez
44551,502U,28.87642,3698,72,2.8,0,temp,1998-r1,0925_44551-502U.rez
44551,760A,21.77372,3423,49,-0.99,0,temp,1998-r1,0926_44551-760A.rez
4496,4502,-134.73716,10922,272,-2.87,0,temp,luba,0936_4496-4502.rez
4496,6226,326.17904,9080,222,-5.25,0,temp,luba,0937_4496-6226.rez
4502,6144,-168.76352,3955,114,0.9,0,temp,luba,0938_4502-6144.rez
4502,6147,-218.46389,7914,188,0.15,0,temp,luba,0939_4502-6147.rez
4523,36U,-1.58052,64,2,0.12,0,temp,1998-r1,0948_4523-36U.rez
4523,4528,67.45651,7885,142,1.07,0,temp,1998-r1,0949_4523-4528.rez
4523,4525,-49.69704,9121,173,-0.42,0,temp,1998-r1,0950_4523-4525.rez
4528,6002,-1.70127,125,4,0.66,0,temp,1998-r1,0951_4528-6002.rez
45U,6034,-140.96109,2343,70,-1.66,0,temp,1998-r1,0958_45U-6034.rez
45U,60651,96.47719,1252,45,1.71,0,temp,1998-r1,0959_45U-60651.rez
45U,60651,96.51026,1319,84,-0.31,0,temp,luba,0960_45U-60651.rez
4665,6209,10.2289,8754,534,-5.03,0,temp,luba,0973_4665-6209.rez
46U,6032,-2.22455,4417,76,0.67,0,temp,1998-r1,0974_46U-6032.rez
46U,4053,-0.24667,52,4,-0.04,0,temp,1998-r1,0975_46U-4053.rez
46U,60281,17.54387,3945,121,1.26,0,temp,1998-r1,0976_46U-60281.rez
46U,6028,21.34869,3845,133,2.09,0,temp,luba,0977_46U-6028.rez
46U,6032,-2.21737,4284,120,1.94,0,temp,luba,0978_46U-6032.rez
4751,737A,-75.75576,4151,116,2.9,0,temp,1998-r1,0998_4751-737A.rez
4751,736A,-132.63329,6616,227,4.38,0,temp,luba,0999_4751-736A.rez
