num,A,B,dH,dist,n,diff,date,calc_file,text_file,group,Original,month,year,codeA,typeA,nameA,groupA,rankA,codeB,typeB,nameB,groupB,rankB,Y1,X1,H1,Y2,X2,H2,dH_from_DB,dH_from_file,dH_diff,dist_from_DB,dist_from_file,dist_diff,gA,gB,gG_A,gG_B,OC,dHO
1629,204U,350U,15.52380,1253,8,13.39,1199,102.FRM,lul244U-204U-219U.csv,other,204U 3458 155238 1253 8 1339 1199 102.FRM,11,1999,29916,main,204U,7,3,29772,main,350U,7,2,181566.241,507907.305,762.914,181131.865,508960.965,778.445,15.531,15.5238,0.0072,1140,1253,113,979185.9375,979188.1875,979218.2851,979221.1936,-0.002289086,15.52608909
1633,208U,207U,-16.56630,2356,14,-2.95,1199,102.FRM,lul244U-204U-219U.csv,other,208U 207U -165663 2356 14 -295 1199 102.FRM,11,1999,29920,main,208U,7,3,29919,main,207U,7,3,175231.997,502485.875,806.255,176795.925,504200.122,789.698,-16.557,-16.5663,0.0093,2320,2356,36,979175.5,979173.875,979209.6852,979207.3582,0.001896323,-16.56819632
1634,209U,208U,-18.29530,2432,14,-15.15,1199,102.FRM,lul244U-204U-219U.csv,other,209U 208U -182953 2432 14 -1515 1199 102.FRM,11,1999,29921,main,209U,7,3,29920,main,208U,7,3,173218.691,501163.933,824.534,175231.997,502485.875,806.255,-18.279,-18.2953,0.0163,2409,2432,23,979182.6875,979175.5,979217.6477,979209.6852,0.006630386,-18.30193039
1718,350U,349U,-0.77790,2582,15,1.99,1199,102.FRM,lul244U-204U-219U.csv,other,3458 3457 -7779 2582 15 199 1199 102.FRM,11,1999,29772,main,350U,7,2,29771,main,349U,7,2,181131.865,508960.965,778.445,179809.966,511039.118,777.668,-0.777,-0.7779,0.0009,2463,2582,119,979188.1875,979196.0625,979221.1936,979229.0356,-0.006230982,-0.771669018
1571,377U,80bn,-7.62696,700,11,-1.02,761,441,K49F-81BN.01.csv,other,15F 80BN - 762696 0700 11 -102 0761 441,7,1961,29942,main,377U,7,2,415064,main,80bn,9,4,195113.441,384996.784,12.918,195004,384694,5.291,-7.627,-7.62696,4.00E-05,322,700,378,979203.1875,979203.625,979203.7352,979203.8493,-1.06E-06,-7.626958939
1572,80bn,81bn,-3.45695,400,7,0.19,761,441,K49F-81BN.01.csv,other,80BN 81BN - 345695 0400 7 019 0761 441,7,1961,415064,main,80bn,9,4,415065,main,81bn,9,4,195004,384694,5.291,194650,384194,1.83,-3.461,-3.45695,0.00405,613,400,213,979203.625,979204.625,979203.8493,979204.7026,-3.10E-06,-3.456946896
1573,3MR,81bn,-1.75240,15,1,-0.15,761,441,K49F-81BN.01.csv,other,3MR 81BN - 175240 0015 1 -015 0761 441,7,1961,415062,main,3MR,9,3,415065,main,81bn,9,4,194600,384200,3.552,194650,384194,1.83,-1.722,-1.7524,0.0304,50,15,35,979204.625,979204.625,979204.7756,979204.7026,2.00E-07,-1.7524002
342,4187MPI,164U,2.51302,1889,34,0,517,965.raw,3707,external,4187MPI 164U 2.51302 1889. 34 0.00 0517 965.raw,5,2017,542545,main,4187MPI,2,99,29946,main,164U,7,99,180838,419655,628.516,180389.658,421378.652,631.029,2.513,2.51302,2.00E-05,1781,1889,108,979139.3125,979141.875,979165.9616,979168.6306,-0.001716655,2.514736655
343,164U,166U,-19.66106,3468,70,1.5,517,965.raw,3707,external,164U 166U -19.66106 3468. 70 1.50 0517 965.raw,5,2017,29946,main,164U,7,99,29948,main,166U,7,99,180389.658,421378.652,631.029,179308.328,424511.917,611.368,-19.661,-19.66106,6.00E-05,3315,3468,153,979141.875,979148.75,979168.6306,979174.672,-0.003832709,-19.65722729
344,HARI,221U,-28.07772,2493,40,0.75,517,965.raw,3707,external,HARI 221U -28.07772 2493. 40 0.75 0517 965.raw,5,2017,446803,main,HARI,5,3,29865,main,221U,7,3,156882.261,491079.304,973.137,155459.938,492134.722,945.059,-28.078,-28.07772,0.00028,1771,2493,722,979136.625,979141.0625,979177.886,979181.133,-0.003180397,-28.0745396
345,221U,222U,-20.53250,2583,64,3.28,517,965.raw,3707,external,221U 222U -20.53250 2583. 64 3.28 0517 965.raw,5,2017,29865,main,221U,7,3,29866,main,222U,7,3,155459.938,492134.722,945.059,153907.721,493952.58,924.526,-20.533,-20.5325,0.0005,2390,2583,193,979141.0625,979147.1875,979181.133,979186.3874,-0.005016181,-20.52748382
346,227U,226U,108.75137,2055,72,0.36,816,965.raw,3707,external,227U 226U 108.75137 2055. 72 0.36 0816 965.raw,8,2016,29871,main,227U,7,3,29870,main,226U,7,3,154822.992,502102.51,727.869,154932.37,500948.038,836.621,108.752,108.75137,0.00063,1160,2055,895,979195,979185.5625,979225.8616,979221.0352,0.003855552,108.7475144
347,226U,BARN,58.34949,1536,51,1.22,517,965.raw,3707,external,226U BARN 58.34949 1536. 51 1.22 0517 965.raw,5,2017,29870,main,226U,7,3,446765,main,BARN,5,3,154932.37,500948.038,836.621,155889.719,500181.126,894.97,58.349,58.34949,0.00049,1227,1536,309,979185.5625,979179.4375,979221.0352,979217.3842,0.003228111,58.34626189
350,4159MPI,161U,62.23048,2011,58,-0.97,517,965.raw,3707,external,4159MPI 161U 62.23048 2011. 58 -0.97 0517 965.raw,5,2017,542535,main,4159MPI,2,99,29943,main,161U,7,99,184029,417260,599.966,182525.353,417444.749,662.196,62.23,62.23048,0.00048,1515,2011,496,979143.25,979134.9375,979168.6886,979163.0146,0.003656921,62.22682308
351,4186MPI,166U,23.33997,1938,34,0.66,517,965.raw,3707,external,4186MPI 166U 23.33997 1938. 34 0.66 0517 965.raw,5,2017,542544,main,4186MPI,2,99,29948,main,166U,7,99,178654,426158,588.028,179308.328,424511.917,611.368,23.34,23.33997,3.00E-05,1771,1938,167,979152.9375,979148.75,979177.8699,979174.672,0.001958552,23.33801145
352,4182MPI,172U,13.33571,2165,44,0.58,517,965.raw,3707,external,4182MPI 172U 13.33571 2165. 44 0.58 0517 965.raw,5,2017,542540,main,4182MPI,2,99,29954,main,172U,7,99,175507,436659,530.698,176262.092,434682.424,544.034,13.336,13.33571,0.00029,2116,2165,49,979176.0625,979170.6875,979198.5641,979193.7545,0.002639406,13.33307059
353,4183MPI,172U,3.91571,1998,36,2.91,517,965.raw,3707,external,4183MPI 172U 3.91571 1998. 36 2.91 0517 965.raw,5,2017,542541,main,4183MPI,2,99,29954,main,172U,7,99,176572,433030,540.118,176262.092,434682.424,544.034,3.916,3.91571,0.00029,1681,1998,317,979167.4375,979170.6875,979190.3385,979193.7545,-0.001891099,3.917601099
354,4181MPI,176U,-23.18301,3448,64,2.16,517,965.raw,3707,external,4181MPI 176U -23.18301 3448. 64 2.16 0517 965.raw,5,2017,542539,main,4181MPI,2,99,29890,main,176U,7,99,174947,438273,512.059,173938.488,441376.825,488.876,-23.183,-23.18301,1.00E-05,3264,3448,184,979179.25,979187.0625,979200.9613,979207.7908,-0.003490539,-23.17951946
355,4180MPI,180U,-14.16108,2168,38,-0.38,517,965.raw,3707,external,4180MPI 180U -14.16108 2168. 38 -0.38 0517 965.raw,5,2017,542538,main,4180MPI,2,99,29894,main,180U,7,99,173350,446107,470.941,172729.068,448055.654,456.78,-14.161,-14.16108,8.00E-05,2045,2168,123,979197.375,979200.5,979217.3429,979219.8675,-0.001195901,-14.1598841
356,246U,219U,3.07559,122,4,0.58,916,965.raw,3707,external,246U 219U 3.07559 122. 4 0.58 0916 965.raw,9,2016,29889,main,246U,7,99,29863,main,219U,7,3,158118.294,489812.678,965.568,158197.077,489872.569,968.644,3.076,3.07559,0.00041,99,122,23,979133.6875,979133.9375,979174.6276,979175.008,-0.000375733,3.075965733
357,220U,219U,-7.38002,1718,42,0.22,517,965.raw,3707,external,220U 219U -7.38002 1718. 42 0.22 0517 965.raw,5,2017,29864,main,220U,7,3,29863,main,219U,7,3,156896.124,490531.883,976.024,158197.077,489872.569,968.644,-7.38,-7.38002,2.00E-05,1458,1718,260,979134.4375,979133.9375,979175.8209,979175.008,0.000807233,-7.380827233
358,3817MPI,224U,8.91855,2090,44,0.43,517,965.raw,3707,external,3817MPI 224U 8.91855 2090. 44 0.43 0517 965.raw,5,2017,501055,main,3817MPI,2,3,29868,main,224U,7,3,154175,496023,885.553,154771.804,497822.799,894.471,8.918,8.91855,0.00055,1896,2090,194,979152.375,979162.6875,979189.9224,979200.6131,-0.009716891,8.928266891
359,228U,227U,124.12895,2108,77,3.03,517,965.raw,3707,external,228U 227U 124.12895 2108. 77 3.03 0517 965.raw,5,2017,29872,main,228U,7,3,29871,main,227U,7,3,153437.739,502696.88,603.74,154822.992,502102.51,727.869,124.129,124.12895,5.00E-05,1507,2108,601,979210.375,979195,979235.9736,979225.8616,0.006875399,124.1220746
360,232U,231U,27.88969,2563,91,-0.28,517,965.raw,3707,external,232U 231U 27.88969 2563. 91 -0.28 0517 965.raw,5,2017,29876,main,232U,7,3,29875,main,231U,7,3,151699.914,510598.62,523.527,152072.151,508928.211,551.417,27.89,27.88969,0.00031,1711,2563,852,979240.6875,979234.9375,979262.885,979258.3176,0.00250688,27.88718312
361,831U,231U,-10.57444,503,12,0.59,517,965.raw,3707,external,831U 231U -10.57444 503. 12 0.59 0517 965.raw,5,2017,459663,main,831U,7,3,29875,main,231U,7,3,152161.909,508484.4,561.991,152072.151,508928.211,551.417,-10.574,-10.57444,0.00044,453,503,50,979233,979234.9375,979256.8284,979258.3176,-0.000846582,-10.57359342
373,247U,246U,111.87804,2748,105,3.6,517,965.raw,3707,external,247U 246U 111.87804 2748. 105 3.60 0517 965.raw,5,2017,29822,main,247U,7,99,29889,main,246U,7,99,157863.139,487426.023,853.69,158118.294,489812.678,965.568,111.878,111.87804,4.00E-05,2400,2748,348,979138.25,979133.6875,979174.4465,979174.6276,-0.000168263,111.8782083
374,248U,247U,121.92582,2420,78,0.04,517,965.raw,3707,external,248U 247U 121.92582 2420. 78 0.04 0517 965.raw,5,2017,29823,main,248U,7,99,29822,main,247U,7,99,157726.269,485537.782,731.764,157863.139,487426.023,853.69,121.926,121.92582,0.00018,1893,2420,527,979147.5,979138.25,979178.5268,979174.4465,0.003303388,121.9225166
375,248U,249U,135.92380,2582,82,-2.72,517,965.raw,3707,external,248U 249U 135.92380 2582. 82 -2.72 0517 965.raw,5,2017,29823,main,248U,7,99,29824,main,249U,7,99,157726.269,485537.782,731.764,156121.84,483999.386,867.688,135.924,135.9238,0.0002,2223,2582,359,979147.5,979152.375,979178.5268,979189.165,-0.00868844,135.9324884
376,3815MPI,MARA,-0.20590,71,2,-0.09,517,965.raw,3707,external,3815MPI MARA -0.20590 71. 2 -0.09 0517 965.raw,5,2017,501053,main,3815MPI,2,99,446820,main,MARA,5,99,158096,482765,890.473,158102.584,482658.698,890.267,-0.206,-0.2059,0.0001,107,71,36,979168.5625,979169.5,979206.3186,979207.2473,-0.000844505,-0.205055495
377,249U,3815MPI,22.78547,2795,50,-1.8,517,965.raw,3707,external,249U 3815MPI 22.78547 2795. 50 -1.80 0517 965.raw,5,2017,29824,main,249U,7,99,501053,main,3815MPI,2,99,156121.84,483999.386,867.688,158096,482765,890.473,22.785,22.78547,0.00047,2328,2795,467,979152.375,979168.5625,979189.165,979206.3186,-0.0153996,22.8008696
378,4150MPI,250U,70.99924,1735,44,1.21,517,965.raw,3707,external,4150MPI 250U 70.99924 1735. 44 1.21 0517 965.raw,5,2017,542526,main,4150MPI,2,99,29825,main,250U,7,99,156913,481249,814.72,157982.434,482534.144,885.719,70.999,70.99924,0.00024,1672,1735,63,979173.125,979170.1875,979207.6691,979207.742,-6.33E-05,70.99930326
379,251U,4151MPI,88.25965,1768,62,0.08,517,965.raw,3707,external,251U 4151MPI 88.25965 1768. 62 0.08 0517 965.raw,5,2017,29826,main,251U,7,99,542527,main,4151MPI,2,99,157296.662,480055.225,709.53,158824,479511,797.79,88.26,88.25965,0.00035,1621,1768,147,979175.625,979183.4375,979205.7091,979217.2638,-0.008893155,88.26854316
380,252U,4152MPI,40.79634,2094,57,-0.41,517,965.raw,3707,external,252U 4152MPI 40.79634 2094. 57 -0.41 0517 965.raw,5,2017,29827,main,252U,7,99,542528,main,4152MPI,2,99,159931.17,478764.713,696.079,160977,477380,736.875,40.796,40.79634,0.00034,1735,2094,359,979182.875,979172.0625,979212.3887,979203.306,0.006645793,40.78969421
381,253U,4153MPI,21.72473,1630,52,0.74,517,965.raw,3707,external,253U 4153MPI 21.72473 1630. 52 0.74 0517 965.raw,5,2017,29828,main,253U,7,99,542529,main,4153MPI,2,99,161776.101,476618.31,787.081,163314,476706,808.806,21.725,21.72473,0.00027,1540,1630,90,979159.875,979155.25,979193.2472,979189.5434,0.003018282,21.72171172
382,4154MPI,254U,-104.16630,2364,90,-0.38,517,965.raw,3707,external,4154MPI 254U -104.16630 2364. 90 -0.38 0517 965.raw,5,2017,542530,main,4154MPI,2,99,29829,main,254U,7,99,165862,475211,832.405,164952.291,476393.428,728.239,-104.166,-104.1663,0.0003,1492,2364,872,979157,979155.125,979192.294,979186.0023,0.005013861,-104.1713139
383,257U,256U,226.10216,3666,142,3.8,517,965.raw,3707,external,257U 256U 226.10216 3666. 142 3.80 0517 965.raw,5,2017,29832,main,257U,7,99,29831,main,256U,7,99,164224.752,470638.607,687.725,164320.148,472993.205,913.827,226.102,226.10216,0.00016,2357,3666,1309,979176.5,979155.1875,979205.6595,979193.9338,0.009589235,226.0925708
384,4156MPI,257U,79.64435,2801,74,-0.34,517,965.raw,3707,external,4156MPI 257U 79.64435 2801. 74 -0.34 0517 965.raw,5,2017,542532,main,4156MPI,2,99,29832,main,257U,7,99,164973,468019,608.081,164224.752,470638.607,687.725,79.644,79.64435,0.00035,2724,2801,77,979197.4375,979176.5,979223.2201,979205.6595,0.011619178,79.63273082
385,834U,258U,-9.64293,2992,58,-0.82,517,965.raw,3707,external,834U 258U -9.64293 2992. 58 -0.82 0517 965.raw,5,2017,459665,main,834U,7,99,29833,main,258U,7,99,166626.606,466561.233,608.9,165297.63,467059.974,599.257,-9.643,-9.64293,7.00E-05,1419,2992,1573,979206.1875,979204.125,979232.0049,979229.5335,0.001524563,-9.644454563
386,834U,259U,-20.53875,1928,36,-1.82,517,965.raw,3707,external,834U 259U -20.53875 1928. 36 -1.82 0517 965.raw,5,2017,459665,main,834U,7,99,29834,main,259U,7,99,166626.606,466561.233,608.9,165986.064,465009.64,588.361,-20.539,-20.53875,0.00025,1679,1928,249,979206.1875,979206.5625,979232.0049,979231.509,0.000303129,-20.53905313
387,4026MPI,259U,18.92898,1793,30,0.66,517,965.raw,3707,external,4026MPI 259U 18.92898 1793. 30 0.66 0517 965.raw,5,2017,505719,main,4026MPI,2,99,29834,main,259U,7,99,166490,463319,569.432,165986.064,465009.64,588.361,18.929,18.92898,2.00E-05,1764,1793,29,979205.4375,979206.5625,979229.5814,979231.509,-0.001139541,18.93011954
388,4157MPI,261U,-3.09176,1562,46,0.93,517,965.raw,3707,external,4157MPI 261U -3.09176 1562. 46 0.93 0517 965.raw,5,2017,542533,main,4157MPI,2,99,29836,main,261U,7,99,167298,461029,579.845,167723.928,459697.77,576.753,-3.092,-3.09176,0.00024,1398,1562,164,979203.25,979203.5625,979227.8354,979228.0168,-0.000107128,-3.091652872
389,4158MPI,261U,34.75996,1754,50,0.95,517,965.raw,3707,external,4158MPI 261U 34.75996 1754. 50 0.95 0517 965.raw,5,2017,542534,main,4158MPI,2,99,29836,main,261U,7,99,168082,458511,541.993,167723.928,459697.77,576.753,34.76,34.75996,4.00E-05,1240,1754,514,979203.8125,979203.5625,979226.793,979228.0168,-0.000699096,34.7606591
390,264U,263U,22.05551,2546,53,-0.32,517,965.raw,3707,external,264U 263U 22.05551 2546. 53 -0.32 0517 965.raw,5,2017,29839,main,264U,7,99,29838,main,263U,7,99,169991.98,453472.725,516.508,169046.068,455534.321,538.564,22.056,22.05551,0.00049,2268,2546,278,979198.25,979200.6875,979220.1499,979223.5226,-0.001816956,22.05732696
391,835U,263U,4.37355,599,19,-0.3,517,965.raw,3707,external,835U 263U 4.37355 599. 19 -0.30 0517 965.raw,5,2017,459666,main,835U,7,99,29838,main,263U,7,99,169094.112,456020.897,534.19,169046.068,455534.321,538.564,4.374,4.37355,0.00045,489,599,110,979201.1875,979200.6875,979223.8372,979223.5226,0.000172293,4.373377707
392,265U,264U,8.65284,2712,62,2.29,517,965.raw,3707,external,265U 264U 8.65284 2712. 62 2.29 0517 965.raw,5,2017,29840,main,265U,7,99,29839,main,264U,7,99,170465.391,451246.752,507.855,169991.98,453472.725,516.508,8.653,8.65284,0.00016,2276,2712,436,979198.8125,979198.25,979220.3456,979220.1499,0.000102315,8.652737685
393,265U,266U,-43.33135,2504,56,0.82,517,965.raw,3707,external,265U 266U -43.33135 2504. 56 0.82 0517 965.raw,5,2017,29840,main,265U,7,99,29841,main,266U,7,99,170465.391,451246.752,507.855,171375.437,449169.875,464.524,-43.331,-43.33135,0.00035,2268,2504,236,979198.8125,979200.25,979220.3456,979219.9458,0.000198471,-43.33154847
401,4178MPI,831U,2.78297,2132,68,0.14,517,965.raw,3707,external,4178MPI 831U 2.78297 2132. 68 0.14 0517 965.raw,5,2017,542536,main,4178MPI,2,3,459663,main,831U,7,3,152586,506626,559.209,152161.909,508484.4,561.991,2.782,2.78297,0.00097,1906,2132,226,979229.5,979233,979253.2105,979256.8284,-0.002071191,2.785041191
402,222U,832U,-23.06987,1244,37,0.96,517,965.raw,3707,external,222U 832U -23.06987 1244. 37 0.96 0517 965.raw,5,2017,29866,main,222U,7,3,459664,main,832U,7,3,153907.721,493952.58,924.526,153612.529,495051.507,901.456,-23.07,-23.06987,0.00013,1138,1244,106,979147.1875,979150.125,979186.3874,979188.3467,-0.001826873,-23.06804313
423,3817MPI,832U,15.90289,1167,42,0.66,517,965.raw,3707,external,3817MPI 832U 15.90289 1167. 42 0.66 0517 965.raw,5,2017,501055,main,3817MPI,2,3,459664,main,832U,7,3,154175,496023,885.553,153612.529,495051.507,901.456,15.903,15.90289,0.00011,1123,1167,44,979152.375,979150.125,979189.9224,979188.3467,0.00143783,15.90145217
429,224U,4025MPI,-60.65645,2016,68,-0.98,517,965.raw,3707,external,224U 4025MPI -60.65645 2016. 68 -0.98 0517 965.raw,5,2017,29868,main,224U,7,3,542525,main,4025MPI,2,3,154771.804,497822.799,894.471,155716,499284,833.814,-60.657,-60.65645,0.00055,1740,2016,276,979162.6875,979168.75,979200.6131,979204.1037,-0.003080475,-60.65336952
430,BARN,4025MPI,-61.15627,1185,47,0.48,517,965.raw,3707,external,BARN 4025MPI -61.15627 1185. 47 0.48 0517 965.raw,5,2017,446765,main,BARN,5,3,542525,main,4025MPI,2,3,155889.719,500181.126,894.97,155716,499284,833.814,-61.156,-61.15627,0.00027,914,1185,271,979179.4375,979168.75,979217.3842,979204.1037,0.011723367,-61.16799337
431,4157MPI,4026MPI,-10.23920,2625,62,1.45,517,965.raw,3707,external,4157MPI 4026MPI -10.23920 2625. 62 1.45 0517 965.raw,5,2017,542533,main,4157MPI,2,99,505719,main,4026MPI,2,99,167298,461029,579.845,166490,463319,569.432,-10.413,-10.2392,0.1738,2428,2625,197,979203.25,979205.4375,979227.8354,979229.5814,-0.001024749,-10.23817525
432,176U,4033MPI,14.45119,2298,40,0.98,517,965.raw,3707,external,176U 4033MPI 14.45119 2298. 40 0.98 0517 965.raw,5,2017,29890,main,176U,7,99,505726,main,4033MPI,2,99,173938.488,441376.825,488.876,174098,443280,503.327,14.451,14.45119,0.00019,1910,2298,388,979187.0625,979191.125,979207.7908,979212.4661,-0.002368623,14.45355862
433,4180MPI,4033MPI,32.38599,3124,60,1.92,517,965.raw,3707,external,4180MPI 4033MPI 32.38599 3124. 60 1.92 0517 965.raw,5,2017,542538,main,4180MPI,2,99,505726,main,4033MPI,2,99,173350,446107,470.941,174098,443280,503.327,32.386,32.38599,1.00E-05,2924,3124,200,979197.375,979191.125,979217.3429,979212.4661,0.002426104,32.3835639
434,4150MPI,251U,-105.18958,1879,77,0.88,517,965.raw,3707,external,4150MPI 251U -105.18958 1879. 77 0.88 0517 965.raw,5,2017,542526,main,4150MPI,2,99,29826,main,251U,7,99,156913,481249,814.72,157296.662,480055.225,709.53,-105.19,-105.18958,0.00042,1254,1879,625,979173.125,979175.625,979207.6691,979205.7091,0.00152553,-105.1911055
435,252U,4151MPI,101.71144,1735,65,0.67,517,965.raw,3707,external,252U 4151MPI 101.71144 1735. 65 0.67 0517 965.raw,5,2017,29827,main,252U,7,99,542527,main,4151MPI,2,99,159931.17,478764.713,696.079,158824,479511,797.79,101.711,101.71144,0.00044,1335,1735,400,979182.875,979183.4375,979212.3887,979217.2638,-0.003718625,101.7151586
436,253U,4152MPI,-50.20564,1320,42,-1.72,517,965.raw,3707,external,253U 4152MPI -50.20564 1320. 42 -1.72 0517 965.raw,5,2017,29828,main,253U,7,99,542528,main,4152MPI,2,99,161776.101,476618.31,787.081,160977,477380,736.875,-50.206,-50.20564,0.00036,1104,1320,216,979159.875,979172.0625,979193.2472,979203.306,-0.007827343,-50.19781266
437,254U,4153MPI,80.56741,1766,61,0.82,517,965.raw,3707,external,254U 4153MPI 80.56741 1766. 61 0.82 0517 965.raw,5,2017,29829,main,254U,7,99,542529,main,4153MPI,2,99,164952.291,476393.428,728.239,163314,476706,808.806,80.567,80.56741,0.00041,1668,1766,98,979155.125,979155.25,979186.0023,979189.5434,-0.002779207,80.57018921
438,4155MPI,4154MPI,-136.03300,2758,96,1.93,517,965.raw,3707,external,4155MPI 4154MPI -136.03300 2758. 96 1.93 0517 965.raw,5,2017,542531,main,4155MPI,2,99,542530,main,4154MPI,2,99,165165,473905,968.438,165862,475211,832.405,-136.033,-136.033,0,1480,2758,1278,979153.125,979157,979194.1868,979192.294,0.001740534,-136.0347405
439,SAGI,4155MPI,11.74489,1885,41,0.96,517,965.raw,3707,external,SAGI 4155MPI 11.74489 1885. 41 0.96 0517 965.raw,5,2017,446853,main,SAGI,5,99,542531,main,4155MPI,2,99,164583.597,472787.638,956.693,165165,473905,968.438,11.745,11.74489,0.00011,1260,1885,625,979156.9375,979153.125,979197.5013,979194.1868,0.003258225,11.74163178
440,258U,4156MPI,8.82352,1096,39,1.19,517,965.raw,3707,external,258U 4156MPI 8.82352 1096. 39 1.19 0517 965.raw,5,2017,29833,main,258U,7,99,542532,main,4156MPI,2,99,165297.63,467059.974,599.257,164973,468019,608.081,8.824,8.82352,0.00048,1012,1096,84,979204.125,979197.4375,979229.5335,979223.2201,0.003892044,8.819627956
441,835U,4158MPI,7.80257,2960,68,1.35,517,965.raw,3707,external,835U 4158MPI 7.80257 2960. 68 1.35 0517 965.raw,5,2017,459666,main,835U,7,99,542534,main,4158MPI,2,99,169094.112,456020.897,534.19,168082,458511,541.993,7.803,7.80257,0.00043,2688,2960,272,979201.1875,979203.8125,979223.8372,979226.793,-0.001624257,7.804194257
442,157U,4159MPI,5.15532,644,14,1.46,517,965.raw,3707,external,157U 4159MPI 5.15532 644. 14 1.46 0517 965.raw,5,2017,29940,main,157U,7,3,542535,main,4159MPI,2,99,184204.712,417858.327,594.811,184029,417260,599.966,5.155,5.15532,0.00032,624,644,20,979145.375,979143.25,979170.595,979168.6886,0.001163108,5.154156892
443,4179MPI,4178MPI,22.17329,860,28,0.82,517,965.raw,3707,external,4179MPI 4178MPI 22.17329 860. 28 0.82 0517 965.raw,5,2017,542537,main,4179MPI,2,3,542536,main,4178MPI,2,3,152565,505984,537.036,152586,506626,559.209,22.173,22.17329,0.00029,642,860,218,979228.25,979229.5,979251.0203,979253.2105,-0.001225896,22.1745159
444,228U,4179MPI,-66.70323,3459,70,1.99,517,965.raw,3707,external,228U 4179MPI -66.70323 3459. 70 1.99 0517 965.raw,5,2017,29872,main,228U,7,3,542537,main,4179MPI,2,3,153437.739,502696.88,603.74,152565,505984,537.036,-66.704,-66.70323,0.00077,3401,3459,58,979210.375,979228.25,979235.9736,979251.0203,-0.008764343,-66.69446566
445,4182MPI,4181MPI,-18.63863,1828,38,1.24,517,965.raw,3707,external,4182MPI 4181MPI -18.63863 1828. 38 1.24 0517 965.raw,5,2017,542540,main,4182MPI,2,99,542539,main,4181MPI,2,99,175507,436659,530.698,174947,438273,512.059,-18.639,-18.63863,0.00037,1708,1828,120,979176.0625,979179.25,979198.5641,979200.9613,-0.0012764,-18.6373536
446,4184MPI,4183MPI,-14.31125,2100,36,1.04,517,965.raw,3707,external,4184MPI 4183MPI -14.31125 2100. 36 1.04 0517 965.raw,5,2017,542542,main,4184MPI,2,99,542541,main,4183MPI,2,99,177172,431146,554.429,176572,433030,540.118,-14.311,-14.31125,0.00025,1977,2100,123,979164.625,979167.4375,979188.1328,979190.3385,-0.001232782,-14.31001722
447,4185MPI,4184MPI,-8.70770,1660,30,1.44,517,965.raw,3707,external,4185MPI 4184MPI -8.70770 1660. 30 1.44 0517 965.raw,5,2017,542543,main,4185MPI,2,99,542542,main,4184MPI,2,99,177636,429595,563.137,177172,431146,554.429,-8.708,-8.7077,0.0003,1619,1660,41,979160.5625,979164.625,979184.4395,979188.1328,-0.002107606,-8.705592394
448,4186MPI,4185MPI,-24.89134,3819,66,-0.52,517,965.raw,3707,external,4186MPI 4185MPI -24.89134 3819. 66 -0.52 0517 965.raw,5,2017,542544,main,4186MPI,2,99,542543,main,4185MPI,2,99,178654,426158,588.028,177636,429595,563.137,-24.891,-24.89134,0.00034,3585,3819,234,979152.9375,979160.5625,979177.8699,979184.4395,-0.003861742,-24.88747826
449,161U,4187MPI,-33.68036,3476,66,2.03,517,965.raw,3707,external,161U 4187MPI -33.68036 3476. 66 2.03 0517 965.raw,5,2017,29943,main,161U,7,99,542545,main,4187MPI,2,99,182525.353,417444.749,662.196,180838,419655,628.516,-33.68,-33.68036,0.00036,2781,3476,695,979134.9375,979139.3125,979163.0146,979165.9616,-0.001942309,-33.67841769
455,3816MPI,220U,2.68011,720,15,1.38,517,965.raw,3707,external,3816MPI 220U 2.68011 720. 15 1.38 0517 965.raw,5,2017,501054,main,3816MPI,2,3,29864,main,220U,7,3,156882,491066,973.344,156896.124,490531.883,976.024,2.68,2.68011,0.00011,534,720,186,979136.5625,979134.4375,979177.8323,979175.8209,0.002002141,2.678107859
456,HARI,3816MPI,0.20676,17,2,0.1,517,965.raw,3707,external,HARI 3816MPI 0.20676 17. 2 0.10 0517 965.raw,5,2017,446803,main,HARI,5,3,501054,main,3816MPI,2,3,156882.261,491079.304,973.137,156882,491066,973.344,0.207,0.20676,0.00024,13,17,4,979136.625,979136.5625,979177.886,979177.8323,5.34E-05,0.206706603
457,250U,MARA,4.54791,254,6,0.73,517,965.raw,3707,external,250U MARA 4.54791 254. 6 0.73 0517 965.raw,5,2017,29825,main,250U,7,99,446820,main,MARA,5,99,157982.434,482534.144,885.719,158102.584,482658.698,890.267,4.548,4.54791,9.00E-05,173,254,81,979170.1875,979169.5,979207.742,979207.2473,0.000448586,4.547461414
458,180U,PARA,-0.32011,66,2,0,517,965.raw,3707,external,180U PARA -0.32011 66. 2 0.00 0517 965.raw,5,2017,29894,main,180U,7,99,446847,main,PARA,5,99,172729.068,448055.654,456.78,172689.509,448095.954,456.46,-0.32,-0.32011,0.00011,56,66,10,979200.5,979200.5625,979219.8675,979219.9164,-2.28E-05,-0.320087183
459,266U,PARA,-8.06380,2052,40,0.33,517,965.raw,3707,external,266U PARA -8.06380 2052. 40 0.33 0517 965.raw,5,2017,29841,main,266U,7,99,446847,main,PARA,5,99,171375.437,449169.875,464.524,172689.509,448095.954,456.46,-8.064,-8.0638,0.0002,1697,2052,355,979200.25,979200.5625,979219.9458,979219.9164,1.38E-05,-8.063813832
460,256U,SAGI,42.86647,525,27,0.45,517,965.raw,3707,external,256U SAGI 42.86647 525. 27 0.45 0517 965.raw,5,2017,29831,main,256U,7,99,446853,main,SAGI,5,99,164320.148,472993.205,913.827,164583.597,472787.638,956.693,42.866,42.86647,0.00047,334,525,191,979155.1875,979156.9375,979193.9338,979197.5013,-0.003407441,42.86987744
880,219U,5509MPI,-19.96146,971,62,1.93,1219,967.raw,3786_Line_1,external,219U 5509MPI -19.96146 971. 62 1.93 1219 967.raw,12,2019,29863,main,219U,7,3,562080,main,5509MPI,2,3,158197.077,489872.569,968.644,158970,490104,948.683,-19.961,-19.96146,0.00046,807,971,164,979133.9375,979136.3125,979175.008,979176.5367,-0.001496629,-19.95996337
881,5509MPI,218U,-2.76945,1044,48,1.04,1219,967.raw,3786_Line_1,external,5509MPI 218U -2.76945 1044. 48 1.04 1219 967.raw,12,2019,562080,main,5509MPI,2,3,29862,main,218U,7,3,158970,490104,948.683,159835.861,490569.647,945.914,-2.769,-2.76945,0.00045,983,1044,61,979136.3125,979139.0625,979176.5367,979179.1693,-0.00254688,-2.76690312
882,218U,5510MPI,-40.33232,663,51,0.22,1219,967.raw,3786_Line_1,external,218U 5510MPI -40.33232 663. 51 0.22 1219 967.raw,12,2019,29862,main,218U,7,3,566313,main,5510MPI,2,3,159835.861,490569.647,945.914,160390,490305,905.581,-40.333,-40.33232,0.00068,614,663,49,979139.0625,979139.125,979179.1693,979177.5216,0.001557715,-40.33387772
883,5510MPI,5508MPI,30.66478,473,41,0.4,1219,967.raw,3786_Line_1,external,5510MPI 5508MPI 30.66478 473. 41 0.40 1219 967.raw,12,2019,566313,main,5510MPI,2,3,562079,main,5508MPI,2,3,160390,490305,905.581,160835,490110,936.246,30.665,30.66478,0.00022,486,473,13,979139.125,979139.6875,979177.5216,979179.3843,-0.001751856,30.66653186
884,5508MPI,217U,46.87975,1113,58,-0.78,1219,967.raw,3786_Line_1,external,5508MPI 217U 46.87975 1113. 58 -0.78 1219 967.raw,12,2019,562079,main,5508MPI,2,3,29861,main,217U,7,3,160835,490110,936.246,161812.623,490373.856,983.126,46.88,46.87975,0.00025,1013,1113,100,979139.6875,979143.75,979179.3843,979185.4345,-0.005929728,46.88567973
885,217U,5507MPI,-8.73665,1013,40,2.1,1219,967.raw,3786_Line_1,external,217U 5507MPI -8.73665 1013. 40 2.10 1219 967.raw,12,2019,29861,main,217U,7,3,566312,main,5507MPI,2,3,161812.623,490373.856,983.126,162865,490709,974.39,-8.736,-8.73665,0.00065,1104,1013,91,979143.75,979145.5,979185.4345,979186.8141,-0.001378989,-8.735271011
886,5507MPI,216U,-5.11552,1253,56,0.57,1219,967.raw,3786_Line_1,external,5507MPI 216U -5.11552 1253. 56 0.57 1219 967.raw,12,2019,566312,main,5507MPI,2,3,29860,main,216U,7,3,162865,490709,974.39,163681.277,491237.633,969.274,-5.116,-5.11552,0.00048,973,1253,280,979145.5,979148.5625,979186.8141,979189.6597,-0.002824201,-5.112695799
887,216U,5416MPI,-17.17260,1297,36,1,1219,967.raw,3786_Line_1,external,216U 5416MPI -17.17260 1297. 36 1.00 1219 967.raw,12,2019,29860,main,216U,7,3,566310,main,5416MPI,2,3,163681.277,491237.633,969.274,164528.97,492085.94,952.102,-17.172,-17.1726,0.0006,1199,1297,98,979148.5625,979151.5625,979189.6597,979191.9316,-0.002228974,-17.17037103
888,5416MPI,4208MPI,-9.79797,1128,39,2.06,1219,967.raw,3786_Line_1,external,5416MPI 4208MPI -9.79797 1128. 39 2.06 1219 967.raw,12,2019,566310,main,5416MPI,2,3,541599,main,4208MPI,2,3,164528.97,492085.94,952.102,165078,493032,942.304,-9.798,-9.79797,3.00E-05,1094,1128,34,979151.5625,979153,979191.9316,979192.9537,-0.000988674,-9.796981326
889,4208MPI,5417MPI,-13.08850,960,48,-1.2,1219,967.raw,3786_Line_1,external,4208MPI 5417MPI -13.08850 960. 48 -1.20 1219 967.raw,12,2019,541599,main,4208MPI,2,3,566311,main,5417MPI,2,3,165078,493032,942.304,165128.88,493976.95,929.216,-13.088,-13.0885,0.0005,946,960,14,979153,979156.3125,979192.9537,979195.7113,-0.002635246,-13.08586475
890,5417MPI,214U,-25.61674,1396,63,0.16,1219,967.raw,3786_Line_1,external,5417MPI 214U -25.61674 1396. 63 0.16 1219 967.raw,12,2019,566311,main,5417MPI,2,3,29858,main,214U,7,3,165128.88,493976.95,929.216,165823.771,495155.863,903.599,-25.617,-25.61674,0.00026,1368,1396,28,979156.3125,979160.375,979195.7113,979198.6876,-0.002785482,-25.61395452
891,214U,5418MPI,-13.01096,1245,55,-0.49,1219,967.raw,3786_Line_1,external,214U 5418MPI -13.01096 1245. 55 -0.49 1219 967.raw,12,2019,29858,main,214U,7,3,562071,main,5418MPI,2,3,165823.771,495155.863,903.599,166645,495919,890.589,-13.01,-13.01096,0.00096,1121,1245,124,979160.375,979166.4375,979198.6876,979204.1985,-0.005048764,-13.00591124
892,5418MPI,213U,-8.65311,1032,62,0.18,1219,967.raw,3786_Line_1,external,5418MPI 213U -8.65311 1032. 62 0.18 1219 967.raw,12,2019,562071,main,5418MPI,2,3,29857,main,213U,7,3,166645,495919,890.589,166949.793,496839.692,881.936,-8.653,-8.65311,0.00011,970,1032,62,979166.4375,979170.4375,979204.1985,979207.8316,-0.003288262,-8.649821738
893,213U,5424MPI,-5.98664,1617,93,1.3,1119,967.raw,3786_Line_1,external,213U 5424MPI -5.98664 1617. 93 1.30 1119 967.raw,11,2019,29857,main,213U,7,3,562077,main,5424MPI,2,3,166949.793,496839.692,881.936,168302,497414,875.949,-5.987,-5.98664,0.00036,1469,1617,148,979170.4375,979176.1875,979207.8316,979213.3277,-0.00493335,-5.98170665
894,5424MPI,3814MPI,-8.97220,1243,71,1.77,1119,967.raw,3786_Line_1,external,5424MPI 3814MPI -8.97220 1243. 71 1.77 1119 967.raw,11,2019,562077,main,5424MPI,2,3,501052,main,3814MPI,2,3,168302,497414,875.949,169206,498105,866.977,-8.972,-8.9722,0.0002,1138,1243,105,979176.1875,979182.375,979213.3277,979219.1348,-0.005168058,-8.967031942
895,3814MPI,3813MPI,-67.49967,1962,88,0.28,1119,967.raw,3786_Line_1,external,3814MPI 3813MPI -67.49967 1962. 88 0.28 1119 967.raw,11,2019,501052,main,3814MPI,2,3,501051,main,3813MPI,2,3,169206,498105,866.977,169935,499820,799.478,-67.499,-67.49967,0.00067,1864,1962,98,979182.375,979184.5,979219.1348,979218.3979,0.000627085,-67.50029708
896,3813MPI,5425MPI,-37.04232,1467,77,1.94,1119,967.raw,3786_Line_1,external,3813MPI 5425MPI -37.04232 1467. 77 1.94 1119 967.raw,11,2019,501051,main,3813MPI,2,3,562078,main,5425MPI,2,3,169935,499820,799.478,170617,500817,762.436,-37.042,-37.04232,0.00032,1208,1467,259,979184.5,979186.1875,979218.3979,979218.5148,-9.32E-05,-37.04222675
897,5425MPI,210U,19.62337,886,33,0.98,1119,967.raw,3786_Line_1,external,5425MPI 210U 19.62337 886. 33 0.98 1119 967.raw,11,2019,562078,main,5425MPI,2,3,29922,main,210U,7,3,170617,500817,762.436,171399.646,500499.9,782.059,19.623,19.62337,0.00037,844,886,42,979186.1875,979185.125,979218.5148,979218.2843,0.000181769,19.62318823
898,210U,5423MPI,31.92392,829,48,1.25,1219,967.raw,3786_Line_1,external,210U 5423MPI 31.92392 829. 48 1.25 1219 967.raw,12,2019,29922,main,210U,7,3,562076,main,5423MPI,2,3,171399.646,500499.9,782.059,172110,500504,813.984,31.925,31.92392,0.00108,710,829,119,979185.125,979184.75,979218.2843,979219.2629,-0.000797533,31.92471753
899,5423MPI,209U,10.55000,1413,36,1.15,1119,967.raw,3786_Line_1,external,5423MPI 209U 10.55000 1413. 36 1.15 1119 967.raw,11,2019,562076,main,5423MPI,2,3,29921,main,209U,7,3,172110,500504,813.984,173218.691,501163.933,824.534,10.55,10.55,0,1290,1413,123,979184.75,979182.6875,979219.2629,979217.6477,0.001351335,10.54864867
900,209U,5422MPI,-4.93055,965,19,1.02,1119,967.raw,3786_Line_1,external,209U 5422MPI -4.93055 965. 19 1.02 1119 967.raw,11,2019,29921,main,209U,7,3,562075,main,5422MPI,2,3,173218.691,501163.933,824.534,173972,501738,819.603,-4.931,-4.93055,0.00045,947,965,18,979182.6875,979180,979217.6477,979214.7512,0.002431727,-4.932981727
901,5422MPI,208U,-13.34822,1476,29,2.03,1119,967.raw,3786_Line_1,external,5422MPI 208U -13.34822 1476. 29 2.03 1119 967.raw,11,2019,562075,main,5422MPI,2,3,29920,main,208U,7,3,173972,501738,819.603,175231.997,502485.875,806.255,-13.348,-13.34822,0.00022,1465,1476,11,979180,979175.5,979214.7512,979209.6852,0.004205699,-13.3524257
902,208U,5421MPI,-4.80988,1016,21,1.61,1119,967.raw,3786_Line_1,external,208U 5421MPI -4.80988 1016. 21 1.61 1119 967.raw,11,2019,29920,main,208U,7,3,562074,main,5421MPI,2,3,175231.997,502485.875,806.255,175929,503199,801.446,-4.809,-4.80988,0.00088,997,1016,19,979175.5,979173.1875,979209.6852,979207.1688,0.002065763,-4.811945763
903,5421MPI,207U,-11.74809,1347,41,1.1,1119,967.raw,3786_Line_1,external,5421MPI 207U -11.74809 1347. 41 1.10 1119 967.raw,11,2019,562074,main,5421MPI,2,3,29919,main,207U,7,3,175929,503199,801.446,176795.925,504200.122,789.698,-11.748,-11.74809,9.00E-05,1324,1347,23,979173.1875,979173.875,979207.1688,979207.3582,-0.000153869,-11.74793613
904,207U,5420MPI,-16.21290,765,24,0,1019,967.raw,3786_Line_1,external,207U 5420MPI -16.21290 765. 24 0.00 1019 967.raw,10,2019,29919,main,207U,7,3,562073,main,5420MPI,2,3,176795.925,504200.122,789.698,177226,504808,773.485,-16.213,-16.2129,0.0001,745,765,20,979173.875,979177,979207.3582,979209.7958,-0.001945633,-16.21095437
905,5420MPI,7554MPI,-21.76648,1668,36,1.02,1119,967.raw,3786_Line_1,external,5420MPI 7554MPI -21.76648 1668. 36 1.02 1119 967.raw,11,2019,562073,main,5420MPI,2,3,493700,main,7554MPI,2,3,177226,504808,773.485,178282.8,505993.5,751.719,-21.766,-21.76648,0.00048,1588,1668,80,979177,979184.8125,979209.7958,979216.6854,-0.005365552,-21.76111445
906,7554MPI,5419MPI,7.77544,938,25,0.3,1019,967.raw,3786_Line_1,external,7554MPI 5419MPI 7.77544 938. 25 0.30 1019 967.raw,10,2019,493700,main,7554MPI,2,3,562072,main,5419MPI,2,3,178282.8,505993.5,751.719,179105,506385,759.494,7.775,7.77544,0.00044,911,938,27,979184.8125,979185.5625,979216.6854,979217.765,-0.000833112,7.776273112
907,5419MPI,7553MPI,9.94504,1182,25,0.37,1019,967.raw,3786_Line_1,external,5419MPI 7553MPI 9.94504 1182. 25 0.37 1019 967.raw,10,2019,562072,main,5419MPI,2,3,493699,main,7553MPI,2,3,179105,506385,759.494,180178,506807,769.336,9.842,9.94504,0.10304,1153,1182,29,979185.5625,979184.0625,979217.765,979216.6823,0.000845254,9.944194746
908,7553MPI,204U,-6.52186,1927,45,2,1019,967.raw,3786_Line_1,external,7553MPI 204U -6.52186 1927. 45 2.00 1019 967.raw,10,2019,493699,main,7553MPI,2,3,29916,main,204U,7,3,180178,506807,769.336,181566.241,507907.305,762.914,-6.422,-6.52186,0.09986,1771,1927,156,979184.0625,979185.9375,979216.6823,979218.2851,-0.001253851,-6.520606149
909,204U,350U,15.52989,1223,46,1.26,1019,967.raw,3786_Line_1,external,204U 350U 15.52989 1223. 46 1.26 1019 967.raw,10,2019,29916,main,204U,7,3,29772,main,350U,7,2,181566.241,507907.305,762.914,181131.865,508960.965,778.445,15.531,15.52989,0.00111,1140,1223,83,979185.9375,979188.1875,979218.2851,979221.1936,-0.002289095,15.5321791
910,350U,859,-2.98010,335,12,0.61,1019,967.raw,3786_Line_1,external,350U 859 -2.98010 335. 12 0.61 1019 967.raw,10,2019,29772,main,350U,7,2,410872,main,859,9,2,181131.865,508960.965,778.445,181100.1,509268.4,775.469,-2.976,-2.9801,0.0041,309,335,26,979188.1875,979188.6875,979221.1936,979221.5674,-0.000296602,-2.979803398
911,861,351U,-16.79563,1738,47,2.39,1019,967.raw,3786_Line_1,external,861 351U -16.79563 1738. 47 2.39 1019 967.raw,10,2019,410874,main,861,9,2,29735,main,351U,7,2,181314.5,505487.8,787.723,181763.596,507128.398,770.926,-16.797,-16.79563,0.00137,1701,1738,37,979186.5,979185.75,979219.8995,979218.4373,0.001163707,-16.79679371
912,351U,204U,-8.01066,856,19,0.3,1019,967.raw,3786_Line_1,external,351U 204U -8.01066 856. 19 0.30 1019 967.raw,10,2019,29735,main,351U,7,2,29916,main,204U,7,3,181763.596,507128.398,770.926,181566.241,507907.305,762.914,-8.012,-8.01066,0.00134,804,856,52,979185.75,979185.9375,979218.4373,979218.2851,0.000119209,-8.010779209
1282,368U,282U,15.72456,2593,73,1.9,797,986.RAW,40_lul49F-521A-50F.csv,luba_loops_main,904 282U 1572456 2593 73 190 797 986.RAW,7,1997,29749,main,368U,7,2,29855,main,282U,7,3,200550.971,442126.94,383.11,201251.129,439778.462,398.831,15.721,15.72456,0.00356,2451,2593,142,979194,979191.8125,979210.2439,979208.7229,0.000607267,15.72395273
1283,369U,282U,0.68812,1536,45,-1.27,397,986.RAW,40_lul49F-521A-50F.csv,luba_loops_main,906 282U 68812 1536 45 -127 397 986.RAW,3,1997,29750,main,369U,7,2,29855,main,282U,7,3,202411.595,439652.79,398.141,201251.129,439778.462,398.831,0.69,0.68812,0.00188,1167,1536,369,979190.6875,979191.8125,979207.5687,979208.7229,-0.00046972,0.68858972
1284,369U,907,1.27126,1998,60,-0.81,397,986.RAW,40_lul49F-521A-50F.csv,luba_loops_main,906 907 127126 1998 60 -81 397 986.RAW,3,1997,29750,main,369U,7,2,410834,main,907,9,2,202411.595,439652.79,398.141,203704,439345,399.41,1.269,1.27126,0.00226,1329,1998,669,979190.6875,979194.125,979207.5687,979211.06,-0.001421809,1.272681809
1285,907,378U,9.66076,611,22,-0.53,397,986.RAW,40_lul49F-521A-50F.csv,luba_loops_main,907 3481 966076 611 22 -53 397 986.RAW,3,1997,410834,main,907,9,2,29775,main,378U,7,2,203704,439345,399.41,204028.429,438318.611,409.074,9.664,9.66076,0.00324,1076,611,465,979194.125,979193.25,979211.06,979210.5947,0.000192064,9.660567936
1308,52F,377U,-0.01167,25,2,-0.01,597,986.RAW,41_lul50F-15F-282U.csv,luba_loops_main,52F 15F -1167 25 2 -1 597 986.RAW,5,1997,415063,main,52F,9,3,29942,main,377U,7,2,195554,384853,12.93,195113.441,384996.784,12.918,-0.012,-0.01167,0.00033,463,25,438,979203.0625,979203.1875,979203.6107,979203.7352,-1.64E-06,-0.011668357
1310,133U,282U,-2.18694,2120,59,-1.51,597,986.RAW,41_lul50F-15F-282U.csv,luba_loops_main,133U 282U -218694 2120 59 -151 597 986.RAW,5,1997,29924,main,133U,7,3,29855,main,282U,7,3,199367.271,439435.605,401.02,201251.129,439778.462,398.831,-2.189,-2.18694,0.00206,1915,2120,205,979191.875,979191.8125,979208.8782,979208.7229,6.34E-05,-2.187003433
1354,283U,371U,44.75721,2372,63,-0.35,297,986.RAW,41_lul50F-15F-282U.csv,luba_loops_main,283U 50F 4475721 2372 63 -35 297 986.RAW,2,1997,29788,main,283U,7,3,29739,main,371U,7,2,205979.849,431168.206,101.254,206704.062,433065.091,146.012,44.758,44.75721,0.00079,2030,2372,342,979237.3125,979237.3125,979241.6057,979243.5034,-0.000239596,44.7574496
1355,283U,284U,-0.29676,2234,50,0.65,297,986.RAW,41_lul50F-15F-282U.csv,luba_loops_main,283U 284U -29676 2234 50 65 297 986.RAW,2,1997,29788,main,283U,7,3,29789,main,284U,7,3,205979.849,431168.206,101.254,205560.457,429127.875,100.957,-0.297,-0.29676,0.00024,2083,2234,151,979237.3125,979243.5625,979241.6057,979247.8431,-0.000644001,-0.296115999
1356,284U,285U,-1.89624,2650,66,0.62,297,986.RAW,41_lul50F-15F-282U.csv,luba_loops_main,284U 285U -189624 2650 66 62 297 986.RAW,2,1997,29789,main,284U,7,3,29790,main,285U,7,3,205560.457,429127.875,100.957,205702.525,426604.526,99.06,-1.897,-1.89624,0.00076,2527,2650,123,979243.5625,979246.75,979247.8431,979250.9501,-0.000317318,-1.895922682
1357,285U,3492,-3.77787,103,4,-0.08,297,986.RAW,41_lul50F-15F-282U.csv,luba_loops_main,285U 3492 -377787 103 4 -8 297 986.RAW,2,1997,29790,main,285U,7,3,415056,main,3492,9,2,205702.525,426604.526,99.06,205778.7,426609.9,95.282,-3.778,-3.77787,0.00013,76,103,27,979246.75,979246.6875,979250.9501,979250.7275,2.21E-05,-3.777892097
1358,291U,290U,2.81902,2377,52,0.79,297,986.RAW,41_lul50F-15F-282U.csv,luba_loops_main,291U 290U 281902 2377 52 79 297 986.RAW,2,1997,29794,main,291U,7,3,29793,main,290U,7,3,203076.713,419297.911,65.189,203936.622,421417.136,68.006,2.817,2.81902,0.00202,2287,2377,90,979240.0625,979241.4375,979242.8265,979244.321,-0.000101637,2.819121637
1359,291U,292U,-2.38967,1713,42,-0.32,297,986.RAW,41_lul50F-15F-282U.csv,luba_loops_main,291U 292U -238967 1713 42 -32 297 986.RAW,2,1997,29794,main,291U,7,3,29795,main,292U,7,3,203076.713,419297.911,65.189,202414.575,417737.42,62.8,-2.389,-2.38967,0.00067,1695,1713,18,979240.0625,979238.125,979242.8265,979240.7877,0.000133237,-2.389803237
1360,293U,294U,-14.68592,1557,35,-1.33,397,986.RAW,41_lul50F-15F-282U.csv,luba_loops_main,293U 294U -1468592 1557 35 -133 397 986.RAW,3,1997,29796,main,293U,7,3,29797,main,294U,7,3,201566.391,410681.249,91.753,201256.682,409159.087,77.074,-14.679,-14.68592,0.00692,1553,1557,4,979219.0625,979215.9375,979222.9528,979219.2054,0.00032303,-14.68624303
1361,294U,295U,32.80257,1891,59,-1.2,397,986.RAW,41_lul50F-15F-282U.csv,luba_loops_main,294U 295U 3280257 1891 59 -120 397 986.RAW,3,1997,29797,main,294U,7,3,29798,main,295U,7,99,201256.682,409159.087,77.074,200033.49,408254.929,109.877,32.803,32.80257,0.00043,1521,1891,370,979215.9375,979208.625,979219.2054,979213.2838,0.000565278,32.80200472
1362,295U,296U,16.19880,3587,94,1.7,997,986.RAW,41_lul50F-15F-282U.csv,luba_loops_main,295U 296U 1619880 3587 94 170 997 986.RAW,9,1997,29798,main,295U,7,99,29799,main,296U,7,3,200033.49,408254.929,109.877,198621.455,405872.222,126.062,16.185,16.1988,0.0138,2770,3587,817,979208.625,979196.375,979213.2838,979201.72,0.001393227,16.19740677
1363,295U,3500,-1.21139,78,2,0.21,397,986.RAW,41_lul50F-15F-282U.csv,luba_loops_main,295U 3500 -121139 78 2 21 397 986.RAW,3,1997,29798,main,295U,7,99,415020,main,3500,9,2,200033.49,408254.929,109.877,200057.3,408322.7,108.659,-1.218,-1.21139,0.00661,72,78,6,979208.625,979208.8125,979213.2838,979213.4196,-1.52E-05,-1.21137484
1364,296U,3607,0.26239,23,1,-0.09,897,986.RAW,41_lul50F-15F-282U.csv,luba_loops_main,296U 3607 26239 23 1 -9 897 986.RAW,8,1997,29799,main,296U,7,3,415027,main,3607,9,2,198621.455,405872.222,126.062,198746,405456,126.324,0.262,0.26239,0.00039,434,23,411,979196.375,979198.6875,979201.72,979204.0436,-0.000299451,0.262689451
1365,297U,3602,-0.63680,32,1,0.03,397,986.RAW,41_lul50F-15F-282U.csv,luba_loops_main,297U 3602 -63680 32 1 3 397 986.RAW,3,1997,29800,main,297U,7,3,415022,main,3602,9,2,198905.034,398540.929,46.243,199039,399137,45.606,-0.637,-0.6368,0.0002,611,32,579,979220,979218.625,979221.9607,979220.5587,6.58E-05,-0.636865753
1366,298U,297U,3.78605,2630,70,-2.55,397,986.RAW,41_lul50F-15F-282U.csv,luba_loops_main,298U 297U 378605 2630 70 -255 397 986.RAW,3,1997,29801,main,298U,7,3,29800,main,297U,7,3,199041.463,395939.091,42.458,198905.034,398540.929,46.243,3.785,3.78605,0.00105,2605,2630,25,979223.5,979220,979225.3002,979221.9607,0.000151254,3.785898746
1367,298U,374U,-15.24474,3606,104,-3.1,397,986.RAW,41_lul50F-15F-282U.csv,luba_loops_main,298U 934 -1524474 3606 104 -310 397 986.RAW,3,1997,29801,main,298U,7,3,30276,main,374U,7,2,199041.463,395939.091,42.458,198686.849,392615.18,27.209,-15.249,-15.24474,0.00426,3343,3606,263,979223.5,979217.0625,979225.3002,979218.2162,0.000252015,-15.24499201
1368,299U,300U,5.78781,2493,52,-3.17,297,986.RAW,41_lul50F-15F-282U.csv,luba_loops_main,299U 300U 578781 2493 52 -317 297 986.RAW,2,1997,29802,main,299U,7,3,29803,main,300U,7,3,198680.487,391703.517,17.465,197675.148,389551.485,23.257,5.792,5.78781,0.00419,2375,2493,118,979215.4375,979209.9375,979216.178,979210.9236,0.000109245,5.787700755
1369,300U,3605,0.32125,75,2,-0.12,497,986.RAW,41_lul50F-15F-282U.csv,luba_loops_main,300U 3605 32125 75 2 -12 497 986.RAW,4,1997,29803,main,300U,7,3,415025,main,3605,9,2,197675.148,389551.485,23.257,197703,389807,23.578,0.321,0.32125,0.00025,257,75,182,979209.9375,979210.5625,979210.9236,979211.5622,-1.53E-05,0.321265272
1370,288U,292U,-6.89346,2145,50,0.2,297,986.RAW,41_lul50F-15F-282U.csv,luba_loops_main,921 292U -689346 2145 50 20 297 986.RAW,2,1997,30275,main,288U,7,3,29795,main,292U,7,3,202847.746,415662.944,69.694,202414.575,417737.42,62.8,-6.894,-6.89346,0.00054,2119,2145,26,979229.625,979238.125,979232.58,979240.7877,-0.000555264,-6.892904736
1371,372U,296U,-4.94113,1967,53,-1.13,897,986.RAW,41_lul50F-15F-282U.csv,luba_loops_main,928 296U -494113 1967 53 -113 897 986.RAW,8,1997,29752,main,372U,7,2,29799,main,296U,7,3,198589.606,403934.815,131.006,198621.455,405872.222,126.062,-4.944,-4.94113,0.00287,1938,1967,29,979202.125,979196.375,979207.6797,979201.72,0.000782293,-4.941912293
1372,373U,297U,-5.63910,1755,49,-1.64,397,986.RAW,41_lul50F-15F-282U.csv,luba_loops_main,930 297U -563910 1755 49 -164 397 986.RAW,3,1997,29753,main,373U,7,2,29800,main,297U,7,3,198835.208,400266.54,51.878,198905.034,398540.929,46.243,-5.635,-5.6391,0.0041,1727,1755,28,979214.8125,979220,979217.0121,979221.9607,-0.000247921,-5.638852079
1373,374U,299U,-9.74556,954,24,-0.82,397,986.RAW,41_lul50F-15F-282U.csv,luba_loops_main,934 299U -974556 954 24 -82 397 986.RAW,3,1997,30276,main,374U,7,2,29802,main,299U,7,3,198686.849,392615.18,27.209,198680.487,391703.517,17.465,-9.744,-9.74556,0.00156,912,954,42,979217.0625,979215.4375,979218.2162,979216.178,4.65E-05,-9.745606491
1374,3493,3492,17.82222,1815,60,1.23,297,986.RAW,41_lul50F-15F-282U.csv,luba_loops_main,3493 3492 1782222 1815 60 123 297 986.RAW,2,1997,415057,main,3493,9,3,415056,main,3492,9,2,206107,424898,77.461,205778.7,426609.9,95.282,17.821,17.82222,0.00122,1743,1815,72,979244.3125,979246.6875,979247.5968,979250.7275,-0.000276127,17.82249613
1375,3499,294U,-0.26234,24,1,0.13,397,986.RAW,41_lul50F-15F-282U.csv,luba_loops_main,3499 294U -26234 24 1 13 397 986.RAW,3,1997,415019,main,3499,9,2,29797,main,294U,7,3,200989,409440,77.337,201256.682,409159.087,77.074,-0.263,-0.26234,0.00066,388,24,364,979214.875,979215.9375,979218.1541,979219.2054,-8.29E-05,-0.262257107
1376,3603,298U,-0.30360,39,1,-0.04,397,986.RAW,41_lul50F-15F-282U.csv,luba_loops_main,3603 298U -30360 39 1 -4 397 986.RAW,3,1997,415023,main,3603,9,2,29801,main,298U,7,3,199107,395894,42.762,199041.463,395939.091,42.458,-0.304,-0.3036,0.0004,80,39,41,979223.625,979223.5,979225.4381,979225.3002,6.00E-06,-0.303606
1377,376U,52F,-7.51855,2233,60,1.22,597,986.RAW,41_lul50F-15F-282U.csv,luba_loops_main,3829B 52F -751855 2233 60 122 597 986.RAW,5,1997,29729,main,376U,7,3,415063,main,52F,9,3,196152.843,386846.108,20.449,195554,384853,12.93,-7.519,-7.51855,0.00045,2081,2233,152,979204.125,979203.0625,979204.992,979203.6107,2.35E-05,-7.518573543
1378,375U,300U,-19.05254,2217,65,0.54,497,986.RAW,41_lul50F-15F-282U.csv,luba_loops_main,3831B 300U -1905254 2217 65 54 497 986.RAW,4,1997,29730,main,375U,7,3,29803,main,300U,7,3,196632.626,388067.174,42.309,197675.148,389551.485,23.257,-19.052,-19.05254,0.00054,1814,2217,403,979207.625,979209.9375,979209.4189,979210.9236,-5.04E-05,-19.05248962
1379,375U,376U,-21.85971,1422,43,-1.16,597,986.RAW,41_lul50F-15F-282U.csv,luba_loops_main,3831B 3829B -2185971 1422 43 -116 597 986.RAW,5,1997,29730,main,375U,7,3,29729,main,376U,7,3,196632.626,388067.174,42.309,196152.843,386846.108,20.449,-21.86,-21.85971,0.00029,1312,1422,110,979207.625,979204.125,979209.4189,979204.992,0.000141861,-21.85985186
1380,191U,192U,56.84928,2084,59,-2.01,597,986.RAW,41_lul50F-15F-282U.csv,luba_loops_main,191U 192U 5684928 2084 59 -201 597 986.RAW,5,1997,29905,main,191U,7,3,29906,main,192U,7,3,186599.969,399319.221,702.245,187139.762,397430.46,759.097,56.852,56.84928,0.00272,1964,2084,120,979100.0625,979092.25,979129.8377,979124.4357,0.004031213,56.84524879
1381,156U,157U,42.52590,2141,62,-0.41,697,986.RAW,41_lul50F-15F-282U.csv,luba_loops_main,156U 157U 4252590 2141 62 -41 697 986.RAW,6,1997,29939,main,156U,7,3,29940,main,157U,7,3,185111.721,419602.335,552.283,184204.712,417858.327,594.811,42.528,42.5259,0.0021,1966,2141,175,979155.3125,979145.375,979178.7293,979170.595,0.004764647,42.52113535
1387,201U,200U,139.87348,1973,121,-1.59,597,986.RAW,41_lul50F-15F-282U.csv,luba_loops_main,201U 200U 13987348 1973 121 -159 597 986.RAW,5,1997,29915,main,201U,7,3,29914,main,200U,7,3,191918.948,385318.425,206.39,190249.882,385891.64,346.262,139.872,139.87348,0.00148,1765,1973,208,979187.75,979169.3125,979196.5009,979183.994,0.003529468,139.8699505
1391,198U,197U,113.08577,1929,113,1.41,597,986.RAW,41_lul50F-15F-282U.csv,luba_loops_main,198U 197U 11308577 1929 113 141 597 986.RAW,5,1997,29912,main,198U,7,3,29911,main,197U,7,3,188630.365,388315.741,557.731,187530.541,389530.971,670.815,113.084,113.08577,0.00177,1639,1929,290,979135.6875,979110.625,979159.3353,979139.0676,0.012715193,113.0730548
1270,371U,370U,106.82156,2709,107,2.19,797,987.RAW,40_lul49F-521A-50F.csv,luba_loops_main,50F 910 10682156 2709 107 219 797 987.RAW,7,1997,29739,main,371U,7,2,29751,main,370U,7,2,206704.062,433065.091,146.012,206036.573,434740.227,252.827,106.815,106.82156,0.00656,1803,2709,906,979237.3125,979218.625,979243.5034,979229.3449,0.002883427,106.8186766
1286,370U,379U,106.90519,1769,88,1.84,797,987.RAW,40_lul49F-521A-50F.csv,luba_loops_main,910 3482 10690519 1769 88 184 797 987.RAW,7,1997,29751,main,370U,7,2,29776,main,379U,7,2,206036.573,434740.227,252.827,205489.607,435737.991,359.73,106.903,106.90519,0.00219,1138,1769,631,979218.625,979207.5625,979229.3449,979222.8151,0.002042383,106.9031476
1287,378U,379U,-49.34778,3873,172,-3.47,797,987.RAW,40_lul49F-521A-50F.csv,luba_loops_main,3481 3482 -4934778 3873 172 -347 797 987.RAW,7,1997,29775,main,378U,7,2,29776,main,379U,7,2,204028.429,438318.611,409.074,205489.607,435737.991,359.73,-49.344,-49.34778,0.00378,2966,3873,907,979193.25,979207.5625,979210.5947,979222.8151,-0.004797162,-49.34298284
1309,133U,134U,6.06381,1733,46,1.69,797,987.RAW,41_lul50F-15F-282U.csv,luba_loops_main,133U 134U 606381 1733 46 169 797 987.RAW,7,1997,29924,main,133U,7,3,29925,main,134U,7,3,199367.271,439435.605,401.02,198387.843,438301.012,407.085,6.065,6.06381,0.00119,1499,1733,234,979191.875,979188.3125,979208.8782,979205.5729,0.001363892,6.062446108
1311,134U,135U,-1.60507,1895,52,-0.54,697,987.RAW,41_lul50F-15F-282U.csv,luba_loops_main,134U 135U -160507 1895 52 -54 697 987.RAW,6,1997,29925,main,134U,7,3,415122,main,135U,9,3,198387.843,438301.012,407.085,197334,436877,405.482,-1.603,-1.60507,0.00207,1772,1895,123,979188.3125,979185,979205.5729,979202.1924,0.001402595,-1.606472595
1312,135U,137U,0.96502,241,10,0.04,697,987.RAW,41_lul50F-15F-282U.csv,luba_loops_main,135U 137U 96502 241 10 4 697 987.RAW,6,1997,415122,main,135U,9,3,29926,main,137U,7,3,197334,436877,405.482,197434.949,436712.872,406.448,0.966,0.96502,0.00098,193,241,48,979185,979185.125,979202.1924,979202.3584,-6.88E-05,0.965088804
1313,136U,138U,23.24382,1858,57,-1.66,797,987.RAW,41_lul50F-15F-282U.csv,luba_loops_main,136U 138U 2324382 1858 57 -166 797 987.RAW,7,1997,415123,main,136U,9,3,415124,main,138U,9,3,197518,436895,410.599,196250,435670,433.845,23.246,23.24382,0.00218,1763,1858,95,979185.375,979181.0625,979202.7844,979199.4575,0.001434513,23.24238549
1314,137U,136U,4.15160,213,9,-0.54,797,987.RAW,41_lul50F-15F-282U.csv,luba_loops_main,137U 136U 415160 213 9 -54 797 987.RAW,7,1997,29926,main,137U,7,3,415123,main,136U,9,3,197434.949,436712.872,406.448,197518,436895,410.599,4.151,4.1516,0.0006,200,213,13,979185.125,979185.375,979202.3584,979202.7844,-0.000177728,4.151777728
1315,138U,140U,4.01352,288,12,0.1,697,987.RAW,41_lul50F-15F-282U.csv,luba_loops_main,138U 140U 401352 288 12 10 697 987.RAW,6,1997,415124,main,138U,9,3,29927,main,140U,7,3,196250,435670,433.845,196080.049,435692.199,437.859,4.014,4.01352,0.00048,171,288,117,979181.0625,979180.0625,979199.4575,979198.6277,0.000369356,4.013150644
1316,139U,140U,1.16839,86,3,-0.38,797,987.RAW,41_lul50F-15F-282U.csv,luba_loops_main,139U 140U 116839 86 3 -38 797 987.RAW,7,1997,415125,main,139U,9,3,29927,main,140U,7,3,196160,435730,436.691,196080.049,435692.199,437.859,1.168,1.16839,0.00039,88,86,2,979180.5,979180.0625,979199.0157,979198.6277,0.000173257,1.168216743
1317,141U,139U,-25.78406,2223,66,-1.9,797,987.RAW,41_lul50F-15F-282U.csv,luba_loops_main,141U 139U -2578406 2223 66 -190 797 987.RAW,7,1997,29928,main,141U,7,3,415125,main,139U,9,3,194692.868,434629.457,462.477,196160,435730,436.691,-25.786,-25.78406,0.00194,1834,2223,389,979175.875,979180.5,979195.484,979199.0157,-0.001621517,-25.78243848
1318,141U,142U,-9.04728,1984,54,1.7,797,987.RAW,41_lul50F-15F-282U.csv,luba_loops_main,141U 142U -904728 1984 54 170 797 987.RAW,7,1997,29928,main,141U,7,3,29929,main,142U,7,3,194692.868,434629.457,462.477,193676.182,433076.349,453.432,-9.045,-9.04728,0.00228,1856,1984,128,979175.875,979176.8125,979195.484,979196.038,-0.000259093,-9.047020907
1319,143U,142U,9.47051,1804,49,-1.66,797,987.RAW,41_lul50F-15F-282U.csv,luba_loops_main,143U 142U 947051 1804 49 -166 797 987.RAW,7,1997,29930,main,143U,7,3,29929,main,142U,7,3,193225.663,431396.253,443.963,193676.182,433076.349,453.432,9.469,9.47051,0.00151,1739,1804,65,979177.6875,979176.8125,979196.5115,979196.038,0.000216979,9.470293021
1320,144U,145U,-1.83381,128,4,0.15,797,987.RAW,41_lul50F-15F-282U.csv,luba_loops_main,144U 145U -183381 128 4 15 797 987.RAW,7,1997,415126,main,144U,9,3,415127,main,145U,9,3,192350,429865,454.876,192470,429860,453.042,-1.834,-1.83381,0.00019,120,128,8,979178.8125,979179,979198.0992,979198.209,-5.09E-05,-1.833759125
1321,145U,143U,-9.07695,1842,47,1.74,797,987.RAW,41_lul50F-15F-282U.csv,luba_loops_main,145U 143U -907695 1842 47 174 797 987.RAW,7,1997,415127,main,145U,9,3,29930,main,143U,7,3,192470,429860,453.042,193225.663,431396.253,443.963,-9.079,-9.07695,0.00205,1712,1842,130,979179,979177.6875,979198.209,979196.5115,0.000777487,-9.077727487
1322,146U,144U,1.92638,98,3,-0.06,797,987.RAW,41_lul50F-15F-282U.csv,luba_loops_main,146U 144U 192638 98 3 -6 797 987.RAW,7,1997,29931,main,146U,7,3,415126,main,144U,9,3,192399.43,429825.734,452.95,192350,429865,454.876,1.926,1.92638,0.00038,63,98,35,979178.9375,979178.8125,979198.1426,979198.0992,2.01E-05,1.926359911
1323,147U,146U,0.08541,1753,49,-1.93,797,987.RAW,41_lul50F-15F-282U.csv,luba_loops_main,147U 146U 8541 1753 49 -193 797 987.RAW,7,1997,29932,main,147U,7,3,29931,main,146U,7,3,191500.018,428460.833,452.866,192399.43,429825.734,452.95,0.084,0.08541,0.00141,1635,1753,118,979178.25,979178.9375,979197.4515,979198.1426,-0.000319637,0.085729637
1324,147U,149U,35.39235,3629,93,-1.95,797,987.RAW,41_lul50F-15F-282U.csv,luba_loops_main,147U 149U 3539235 3629 93 -195 797 987.RAW,7,1997,29932,main,147U,7,3,29934,main,149U,7,3,191500.018,428460.833,452.866,189054.599,426020.294,488.262,35.396,35.39235,0.00365,3455,3629,174,979178.25,979173.3125,979197.4515,979194.0148,0.001651548,35.39069845
1325,149U,150U,21.40645,1686,50,1.5,797,987.RAW,41_lul50F-15F-282U.csv,luba_loops_main,149U 150U 2140645 1686 50 150 797 987.RAW,7,1997,29934,main,149U,7,3,29935,main,150U,7,3,189054.599,426020.294,488.262,187896.45,424921.246,509.67,21.408,21.40645,0.00155,1597,1686,89,979173.3125,979168.375,979194.0148,979189.985,0.002053463,21.40439654
1326,150U,151U,20.93561,1767,48,-1.86,797,987.RAW,41_lul50F-15F-282U.csv,luba_loops_main,150U 151U 2093561 1767 48 -186 797 987.RAW,7,1997,29935,main,150U,7,3,29936,main,151U,7,3,187896.45,424921.246,509.67,186502.641,423996.587,530.608,20.938,20.93561,0.00239,1673,1767,94,979168.375,979165.5,979189.985,979187.9978,0.001055602,20.9345544
1327,152U,154U,1.39614,94,4,0.08,797,987.RAW,41_lul50F-15F-282U.csv,luba_loops_main,152U 154U 139614 94 4 8 797 987.RAW,7,1997,29937,main,152U,7,3,415121,main,154U,9,3,186086.448,423049.612,540.897,186000,423050,542.293,1.396,1.39614,0.00014,86,94,8,979163.9375,979163.375,979186.8715,979186.3682,0.000278384,1.395861616
1328,153U,151U,-11.97028,1101,32,1.5,797,987.RAW,41_lul50F-15F-282U.csv,luba_loops_main,153U 151U -1197028 1101 32 150 797 987.RAW,7,1997,415120,main,153U,9,3,29936,main,151U,7,3,186450,423960,542.579,186502.641,423996.587,530.608,-11.971,-11.97028,0.00072,64,1101,1037,979165.3125,979165.5,979188.3178,979187.9978,0.000175398,-11.9704554
1329,154U,153U,0.28639,78,4,0.1,797,987.RAW,41_lul50F-15F-282U.csv,luba_loops_main,154U 153U 28639 78 4 10 797 987.RAW,7,1997,415121,main,154U,9,3,415120,main,153U,9,3,186000,423050,542.293,186450,423960,542.579,0.286,0.28639,0.00039,1015,78,937,979163.375,979165.3125,979186.3682,979188.3178,-0.001080025,0.287470025
1330,155U,152U,8.09917,1945,61,0.41,697,987.RAW,41_lul50F-15F-282U.csv,luba_loops_main,155U 152U 809917 1945 61 41 697 987.RAW,6,1997,29938,main,155U,7,3,29937,main,152U,7,3,185343.031,421342.722,532.8,186086.448,423049.612,540.897,8.097,8.09917,0.00217,1862,1945,83,979158.5,979163.9375,979181.0907,979186.8715,-0.003169392,8.102339392
1331,156U,155U,-19.48170,1919,61,0.76,697,987.RAW,41_lul50F-15F-282U.csv,luba_loops_main,156U 155U -1948170 1919 61 76 697 987.RAW,6,1997,29939,main,156U,7,3,29938,main,155U,7,3,185111.721,419602.335,552.283,185343.031,421342.722,532.8,-19.483,-19.4817,0.0013,1756,1919,163,979155.3125,979158.5,979178.7293,979181.0907,-0.00130841,-19.48039159
1332,158U,160U,-1.43868,184,6,0.38,697,987.RAW,41_lul50F-15F-282U.csv,luba_loops_main,158U 160U -143868 184 6 38 697 987.RAW,6,1997,29941,main,158U,7,3,415129,main,160U,9,3,184074.372,417292.182,600.331,184070,417450,598.892,-1.439,-1.43868,0.00032,158,184,26,979143.5625,979143.875,979169.0165,979169.268,-0.000154002,-1.438525998
1333,159U,157U,-1.34153,729,22,-0.89,697,987.RAW,41_lul50F-15F-282U.csv,luba_loops_main,159U 157U -134153 729 22 -89 697 987.RAW,6,1997,415128,main,159U,9,3,29940,main,157U,7,3,184150,417100,596.154,184204.712,417858.327,594.811,-1.343,-1.34153,0.00147,760,729,31,979143.4375,979145.375,979168.7144,979170.595,-0.001143662,-1.340386338
1334,160U,159U,-2.73881,88,4,-0.17,697,987.RAW,41_lul50F-15F-282U.csv,luba_loops_main,160U 159U -273881 88 4 -17 697 987.RAW,6,1997,415129,main,160U,9,3,415128,main,159U,9,3,184070,417450,598.892,184150,417100,596.154,-2.738,-2.73881,0.00081,359,88,271,979143.875,979143.4375,979169.268,979168.7144,0.00033782,-2.73914782
1335,181U,158U,-27.20464,1911,68,-1.41,697,987.RAW,41_lul50F-15F-282U.csv,luba_loops_main,181U 158U -2720464 1911 68 -141 697 987.RAW,6,1997,29895,main,181U,7,3,29941,main,158U,7,3,183894.502,415534.725,627.538,184074.372,417292.182,600.331,-27.207,-27.20464,0.00236,1767,1911,144,979133.9375,979143.5625,979160.5451,979169.0165,-0.005311554,-27.19932845
1336,181U,182U,16.33162,2214,69,1.78,697,987.RAW,41_lul50F-15F-282U.csv,luba_loops_main,181U 182U 1633162 2214 69 178 697 987.RAW,6,1997,29895,main,181U,7,3,29896,main,182U,7,3,183894.502,415534.725,627.538,184604.793,413847.989,643.872,16.334,16.33162,0.00238,1830,2214,384,979133.9375,979132.125,979160.5451,979159.4252,0.000727102,16.3308929
1337,183U,182U,-25.42703,1828,61,-1.53,697,987.RAW,41_lul50F-15F-282U.csv,luba_loops_main,183U 182U -2542703 1828 61 -153 697 987.RAW,6,1997,29897,main,183U,7,3,29896,main,182U,7,3,184950.672,412163.556,669.301,184604.793,413847.989,643.872,-25.429,-25.42703,0.00197,1720,1828,108,979121.875,979132.125,979150.2534,979159.4252,-0.006150271,-25.42087973
1338,184U,183U,-9.66122,1867,64,1.8,697,987.RAW,41_lul50F-15F-282U.csv,luba_loops_main,184U 183U -966122 1867 64 180 697 987.RAW,6,1997,29898,main,184U,7,3,29897,main,183U,7,3,185763.241,410601.296,678.964,184950.672,412163.556,669.301,-9.663,-9.66122,0.00178,1761,1867,106,979117.75,979121.875,979146.5381,979150.2534,-0.002557932,-9.658662068
1339,185U,184U,-21.45644,1927,51,1.16,697,987.RAW,41_lul50F-15F-282U.csv,luba_loops_main,185U 184U -2145644 1927 51 116 697 987.RAW,6,1997,29899,main,185U,7,3,29898,main,184U,7,3,186705.85,409031.71,700.422,185763.241,410601.296,678.964,-21.458,-21.45644,0.00156,1831,1927,96,979107.9375,979117.75,979137.6354,979146.5381,-0.006270893,-21.45016911
1340,186U,185U,-68.95503,1948,69,-1.56,797,987.RAW,41_lul50F-15F-282U.csv,luba_loops_main,186U 185U -6895503 1948 69 -156 797 987.RAW,7,1997,29900,main,186U,7,3,29899,main,185U,7,3,186386.419,407226.565,769.379,186705.85,409031.71,700.422,-68.957,-68.95503,0.00197,1833,1948,115,979101,979107.9375,979133.6217,979137.6354,-0.00301254,-68.95201746
1341,187U,186U,-34.51097,1802,58,-0.89,697,987.RAW,41_lul50F-15F-282U.csv,luba_loops_main,187U 186U -3451097 1802 58 -89 697 987.RAW,6,1997,29901,main,187U,7,3,29900,main,186U,7,3,185562.456,405886.99,803.892,186386.419,407226.565,769.379,-34.513,-34.51097,0.00203,1573,1802,229,979098.1875,979101,979132.2725,979133.6217,-0.001083907,-34.50988609
1342,188U,187U,10.29374,1916,54,1.66,697,987.RAW,41_lul50F-15F-282U.csv,luba_loops_main,188U 187U 1029374 1916 54 166 697 987.RAW,6,1997,29902,main,188U,7,3,29901,main,187U,7,3,185483.72,404153.071,793.6,185562.456,405886.99,803.892,10.292,10.29374,0.00174,1736,1916,180,979098.75,979098.1875,979132.3986,979132.2725,0.000102884,10.29363712
1343,189U,188U,11.24584,1788,65,-1.27,697,987.RAW,41_lul50F-15F-282U.csv,luba_loops_main,189U 188U 1124584 1788 65 -127 697 987.RAW,6,1997,29903,main,189U,7,3,29902,main,188U,7,3,185718.752,402594.08,782.356,185483.72,404153.071,793.6,11.244,11.24584,0.00184,1577,1788,211,979101,979098.75,979134.1719,979132.3986,0.001427067,11.24441293
1344,189U,190U,-11.83231,1905,52,1.35,697,987.RAW,41_lul50F-15F-282U.csv,luba_loops_main,189U 190U -1183231 1905 52 135 697 987.RAW,6,1997,29903,main,189U,7,3,29904,main,190U,7,3,185718.752,402594.08,782.356,185938.627,400827.179,770.526,-11.83,-11.83231,0.00231,1781,1905,124,979101,979102.375,979134.1719,979135.0453,-0.0006926,-11.8316174
1345,191U,190U,68.28253,1825,89,-1.04,697,987.RAW,41_lul50F-15F-282U.csv,luba_loops_main,191U 190U 6828253 1825 89 -104 697 987.RAW,6,1997,29905,main,191U,7,3,29904,main,190U,7,3,186599.969,399319.221,702.245,185938.627,400827.179,770.526,68.281,68.28253,0.00153,1647,1825,178,979100.0625,979102.375,979129.8377,979135.0453,-0.003916534,68.28644653
1346,192U,193U,-5.27127,1403,40,0.14,697,987.RAW,41_lul50F-15F-282U.csv,luba_loops_main,192U 193U -527127 1403 40 14 697 987.RAW,6,1997,29906,main,192U,7,3,29907,main,193U,7,3,187139.762,397430.46,759.097,187764.691,396334.902,753.827,-5.27,-5.27127,0.00127,1261,1403,142,979092.25,979089.5,979124.4357,979121.4623,0.002297262,-5.273567262
1347,194U,193U,-42.88321,1952,65,0.26,597,987.RAW,41_lul50F-15F-282U.csv,luba_loops_main,194U 193U -4288321 1952 65 26 597 987.RAW,5,1997,29908,main,194U,7,3,29907,main,193U,7,3,188080.884,394693.545,796.712,187764.691,396334.902,753.827,-42.885,-42.88321,0.00179,1672,1952,280,979089.5,979089.5,979123.2806,979121.4623,0.001439753,-42.88464975
1348,195U,194U,54.85243,1990,68,0.45,597,987.RAW,41_lul50F-15F-282U.csv,luba_loops_main,195U 194U 5485243 1990 68 45 597 987.RAW,5,1997,29909,main,195U,7,3,29908,main,194U,7,3,187934.516,392849.726,741.862,188080.884,394693.545,796.712,54.85,54.85243,0.00243,1850,1990,140,979093.4375,979089.5,979124.8924,979123.2806,0.001266424,54.85116358
1349,196U,195U,83.43563,2120,89,-1.21,597,987.RAW,41_lul50F-15F-282U.csv,luba_loops_main,196U 195U 8343563 2120 89 -121 597 987.RAW,5,1997,29910,main,196U,7,3,29909,main,195U,7,3,187333.84,390990.154,658.428,187934.516,392849.726,741.862,83.434,83.43563,0.00163,1954,2120,166,979093.8125,979093.4375,979121.7298,979124.8924,-0.002261491,83.43789149
1350,197U,196U,-12.38434,1991,91,-2.08,297,987.RAW,41_lul50F-15F-282U.csv,luba_loops_main,197U 196U -1238434 1991 91 -208 297 987.RAW,2,1997,29911,main,197U,7,3,29910,main,196U,7,3,187530.541,389530.971,670.815,187333.84,390990.154,658.428,-12.387,-12.38434,0.00266,1472,1991,519,979110.625,979093.8125,979139.0676,979121.7298,0.011768748,-12.39610875
1351,199U,198U,167.97979,1842,137,-1.73,597,987.RAW,41_lul50F-15F-282U.csv,luba_loops_main,199U 198U 16797979 1842 137 -173 597 987.RAW,5,1997,29913,main,199U,7,3,29912,main,198U,7,3,188899.123,387188.881,389.753,188630.365,388315.741,557.731,167.978,167.97979,0.00179,1158,1842,684,979152,979135.6875,979168.5255,979159.3353,0.004446475,167.9753435
1352,200U,199U,43.49327,2043,80,-1.18,697,987.RAW,41_lul50F-15F-282U.csv,luba_loops_main,200U 199U 4349327 2043 80 -118 697 987.RAW,6,1997,29914,main,200U,7,3,29913,main,199U,7,3,190249.882,385891.64,346.262,188899.123,387188.881,389.753,43.491,43.49327,0.00227,1873,2043,170,979169.3125,979152,979183.994,979168.5255,0.005813642,43.48745636
1353,201U,377U,-193.47601,3510,167,-1.45,797,987.RAW,41_lul50F-15F-282U.csv,luba_loops_main,201U 15F -19347601 3510 167 -145 797 987.RAW,7,1997,29915,main,201U,7,3,29942,main,377U,7,2,191918.948,385318.425,206.39,195113.441,384996.784,12.918,-193.472,-193.47601,0.00401,3211,3510,299,979187.75,979203.1875,979196.5009,979203.7352,-0.000810101,-193.4751999
1382,290U,3493,9.45684,4577,136,3.08,897,987.RAW,41_lul50F-15F-282U.csv,luba_loops_main,290U 3493 945684 4577 136 308 897 987.RAW,8,1997,29793,main,290U,7,3,415057,main,3493,9,3,203936.622,421417.136,68.006,206107,424898,77.461,9.455,9.45684,0.00184,4102,4577,475,979241.4375,979244.3125,979244.321,979247.5968,-0.00024332,9.45708332
1383,293U,288U,-22.05537,5311,123,-1.41,797,987.RAW,41_lul50F-15F-282U.csv,luba_loops_main,293U 921 -2205537 5311 123 -141 797 987.RAW,7,1997,29796,main,293U,7,3,30275,main,288U,7,3,201566.391,410681.249,91.753,202847.746,415662.944,69.694,-22.059,-22.05537,0.00363,5144,5311,167,979219.0625,979229.625,979222.9528,979232.58,-0.00079364,-22.05457636
1384,471A,293U,-0.86164,39,1,0.4,797,987.RAW,41_lul50F-15F-282U.csv,luba_loops_main,471A 293U -86164 39 1 40 797 987.RAW,7,1997,415068,main,471A,9,2,29796,main,293U,7,3,201502,410793,92.614,201566.391,410681.249,91.753,-0.861,-0.86164,0.00064,129,39,90,979219.1875,979219.0625,979223.1143,979222.9528,1.52E-05,-0.861655204
1385,372U,476A,-68.19388,3103,92,-2.03,897,987.RAW,41_lul50F-15F-282U.csv,luba_loops_main,928 476A -6819388 3103 92 -203 897 987.RAW,8,1997,29752,main,372U,7,2,415071,main,476A,9,3,198589.606,403934.815,131.006,198819,401389,62.812,-68.194,-68.19388,0.00012,2556,3103,547,979202.125,979211.625,979207.6797,979214.2882,-0.000654025,-68.19322597
1386,476A,373U,-10.93406,674,20,-0.42,897,987.RAW,41_lul50F-15F-282U.csv,luba_loops_main,476A 930 -1093406 674 20 -42 897 987.RAW,8,1997,415071,main,476A,9,3,29753,main,373U,7,2,198819,401389,62.812,198835.208,400266.54,51.878,-10.934,-10.93406,6.00E-05,1123,674,449,979211.625,979214.8125,979214.2882,979217.0121,-0.000159517,-10.93390048
1388,469A,290U,-0.87740,104,4,0.11,297,987.RAW,41_lul50F-15F-282U.csv,luba_loops_main,469A 290U -87740 104 4 11 297 987.RAW,2,1997,415066,main,469A,9,3,29793,main,290U,7,3,204006,421495,68.884,203936.622,421417.136,68.006,-0.878,-0.8774,0.0006,104,104,0,979241.5625,979241.4375,979244.4832,979244.321,1.13E-05,-0.877411339
1389,919,291U,-3.36410,206,6,0.11,297,987.RAW,41_lul50F-15F-282U.csv,luba_loops_main,919 291U -336410 206 6 11 297 987.RAW,2,1997,415080,main,919,9,3,29794,main,291U,7,3,203114,419050,68.553,203076.713,419297.911,65.189,-3.364,-3.3641,0.0001,251,206,45,979238.9375,979240.0625,979241.8441,979242.8265,-6.71E-05,-3.364032916
1390,292U,3496,1.22608,376,11,-0.18,297,987.RAW,41_lul50F-15F-282U.csv,luba_loops_main,292U 3496 122608 376 11 -18 297 987.RAW,2,1997,29795,main,292U,7,3,415060,main,3496,9,3,202414.575,417737.42,62.8,202208,417995,64.026,1.226,1.22608,8.00E-05,330,376,46,979238.125,979239.125,979240.7877,979241.8397,-6.81E-05,1.226148124
1275,620U,621U,26.92985,2345,76,0.73,498,989.RAW,40_lul49F-521A-50F.csv,luba_loops_main,521A 3654 2692985 2345 76 73 498 989.RAW,4,1998,30284,main,620U,7,2,30285,main,621U,7,2,212616.142,467947.301,172.795,212425.749,465664.849,199.735,26.94,26.92985,0.01015,2290,2345,55,979258.0625,979254.5,979265.389,979262.9688,0.000460341,26.92938966
1288,3639,3640,26.58132,1595,51,2.21,498,989.RAW,40_lul49F-521A-50F.csv,luba_loops_main,3639 3640 2658132 1595 51 221 498 989.RAW,4,1998,410633,main,3639,9,2,410634,main,3640,9,2,209692.3,466864.1,214.624,207542,466516,241.204,26.58,26.58132,0.00132,2178,1595,583,979253.5,979250.3125,979262.6001,979260.5395,0.000479566,26.58084043
1289,3640,522A,18.58049,2200,73,-0.17,498,989.RAW,40_lul49F-521A-50F.csv,luba_loops_main,3640 522A 1858049 2200 73 -17 498 989.RAW,4,1998,410634,main,3640,9,2,410969,main,522A,9,2,207542,466516,241.204,205813,465692,259.786,18.582,18.58049,0.00151,1915,2200,285,979250.3125,979248.0625,979260.5395,979259.0774,0.000374011,18.58011599
1302,621U,622U,-0.70008,2176,57,-1.6,498,989.RAW,40_lul49F-521A-50F.csv,luba_loops_main,3654 3653 -70008 2176 57 -160 498 989.RAW,4,1998,30285,main,621U,7,2,30286,main,622U,7,2,212425.749,465664.849,199.735,212854.391,463609.384,199.036,-0.699,-0.70008,0.00108,2100,2176,76,979254.5,979252.125,979262.9688,979260.5641,0.000489603,-0.700569603
1303,6161,522A,-3.62895,2708,75,-0.69,498,989.RAW,40_lul49F-521A-50F.csv,luba_loops_main,6161 522A -362895 2708 75 -69 498 989.RAW,4,1998,415134,main,6161,9,3,410969,main,522A,9,2,203772.61,465480.618,263.412,205813,465692,259.786,-3.626,-3.62895,0.00295,2051,2708,657,979246.9375,979248.0625,979258.1062,979259.0774,-0.00025946,-3.62869054
1304,6161,363U,2.63369,2615,72,0.34,498,989.RAW,40_lul49F-521A-50F.csv,luba_loops_main,6161 892 263369 2615 72 34 498 989.RAW,4,1998,415134,main,6161,9,3,29745,main,363U,7,2,203772.61,465480.618,263.412,201233.447,465378.643,266.053,2.641,2.63369,0.00731,2541,2615,74,979246.9375,979248,979258.1062,979259.2806,-0.000317504,2.634007504
1305,MNHA,620U,-41.00086,3148,95,-0.79,498,989.RAW,40_lul49F-521A-50F.csv,luba_loops_main,77 521A -4100086 3148 95 -79 498 989.RAW,4,1998,446826,main,MNHA,5,3,30284,main,620U,7,2,209788.137,466856.205,213.802,212616.142,467947.301,172.795,-41.007,-41.00086,0.00614,3031,3148,117,979253.5625,979258.0625,979262.6277,979265.389,-0.000545066,-41.00031493
1306,3639,MNHA,-0.82124,146,6,0.19,498,989.RAW,40_lul49F-521A-50F.csv,luba_loops_main,3639 77 -82124 146 6 19 498 989.RAW,4,1998,410633,main,3639,9,2,446826,main,MNHA,5,3,209692.3,466864.1,214.624,209788.137,466856.205,213.802,-0.822,-0.82124,0.00076,96,146,50,979253.5,979253.5625,979262.6001,979262.6277,-6.05E-06,-0.821233952
1269,49F,364U,3.74376,1293,40,1.58,498,990.RAW,40_lul49F-521A-50F.csv,luba_loops_main,49F 893 374376 1293 40 158 498 990.RAW,4,1998,411135,main,49F,9,2,29746,main,364U,7,2,201655.006,464918.564,275.738,202015.46,463862.043,279.484,3.746,3.74376,0.00224,1116,1293,177,979245.1875,979241.375,979256.8788,979253.2251,0.001035784,3.742724216
1271,280U,281U,7.87705,1996,53,1.7,398,990.RAW,40_lul49F-521A-50F.csv,luba_loops_main,280U 281U 787705 1996 53 170 398 990.RAW,3,1998,29853,main,280U,7,3,29854,main,281U,7,3,201086.833,447885.791,332.209,200690.272,445938.933,340.09,7.881,7.87705,0.00395,1987,1996,9,979204.875,979199.9375,979218.9607,979214.3573,0.00158025,7.87546975
1272,302U,301U,15.01527,2172,69,1.63,498,990.RAW,40_lul49F-521A-50F.csv,luba_loops_main,302U 301U 1501527 2172 69 163 498 990.RAW,4,1998,29807,main,302U,7,3,29804,main,301U,7,3,202018.256,462180.189,262.453,201520.317,460135.227,277.47,15.017,15.01527,0.00173,2105,2172,67,979238,979234.0625,979249.128,979245.8272,0.000909966,15.01436003
1273,302U,364U,17.03190,1731,59,1.55,498,990.RAW,40_lul49F-521A-50F.csv,luba_loops_main,302U 893 1703190 1731 59 155 498 990.RAW,4,1998,29807,main,302U,7,3,29746,main,364U,7,2,202018.256,462180.189,262.453,202015.46,463862.043,279.484,17.031,17.0319,0.0009,1682,1731,49,979238,979241.375,979249.128,979253.2251,-0.001133712,17.03303371
1274,366U,279U,-4.98481,3542,112,0.21,398,990.RAW,40_lul49F-521A-50F.csv,luba_loops_main,507A 279U -498481 3542 112 21 398 990.RAW,3,1998,29738,main,366U,7,2,29852,main,279U,7,3,201695.334,451846.415,288.067,200797.274,455211.69,283.08,-4.987,-4.98481,0.00219,3483,3542,59,979215.3125,979221.125,979227.5265,979233.1276,-0.001633439,-4.983176561
1276,625U,624U,-30.75674,2076,71,-1.59,398,990.RAW,40_lul49F-521A-50F.csv,luba_loops_main,530A 3650 -3075674 2076 71 -159 398 990.RAW,3,1998,30289,main,625U,7,2,30288,main,624U,7,2,212296.898,453500.602,255.252,212809.353,455371.064,224.493,-30.759,-30.75674,0.00226,1939,2076,137,979238.5625,979240.6875,979249.3852,979250.206,-0.000201065,-30.75653894
1277,365U,279U,-0.93993,2815,87,-2.3,398,990.RAW,40_lul49F-521A-50F.csv,luba_loops_main,896 279U -93993 2815 87 -230 398 990.RAW,3,1998,29747,main,365U,7,2,29852,main,279U,7,3,200828.675,457927.797,284.018,200797.274,455211.69,283.08,-0.938,-0.93993,0.00193,2716,2815,99,979227.75,979221.125,979239.7924,979233.1276,0.00192986,-0.94185986
1278,365U,301U,-6.54523,2367,77,-0.57,498,990.RAW,40_lul49F-521A-50F.csv,luba_loops_main,896 301U -654523 2367 77 -57 498 990.RAW,4,1998,29747,main,365U,7,2,29804,main,301U,7,3,200828.675,457927.797,284.018,201520.317,460135.227,277.47,-6.548,-6.54523,0.00277,2313,2367,54,979227.75,979234.0625,979239.7924,979245.8272,-0.001730169,-6.543499831
1279,367U,280U,23.41283,2195,52,1.73,398,990.RAW,40_lul49F-521A-50F.csv,luba_loops_main,900 280U 2341283 2195 52 173 398 990.RAW,3,1998,29748,main,367U,7,2,29853,main,280U,7,3,202043.803,449831.774,308.792,201086.833,447885.791,332.209,23.417,23.41283,0.00417,2169,2195,26,979209.625,979204.875,979222.7178,979218.9607,0.001229705,23.41160029
1280,367U,366U,-20.72202,2122,68,-1.53,398,990.RAW,40_lul49F-521A-50F.csv,luba_loops_main,900 507A -2072202 2122 68 -153 398 990.RAW,3,1998,29748,main,367U,7,2,29738,main,366U,7,2,202043.803,449831.774,308.792,201695.334,451846.415,288.067,-20.725,-20.72202,0.00298,2045,2122,77,979209.625,979215.3125,979222.7178,979227.5265,-0.001465526,-20.72055447
1281,368U,281U,-43.01326,3951,135,-2.24,398,990.RAW,40_lul49F-521A-50F.csv,luba_loops_main,904 281U -4301326 3951 135 -224 398 990.RAW,3,1998,29749,main,368U,7,2,29854,main,281U,7,3,200550.971,442126.94,383.11,200690.272,445938.933,340.09,-43.02,-43.01326,0.00674,3815,3951,136,979194,979199.9375,979210.2439,979214.3573,-0.001519012,-43.01174099
1290,6210,371U,9.96953,2741,86,2.29,398,990.RAW,40_lul49F-521A-50F.csv,luba_loops_main,6210 50F 996953 2741 86 229 398 990.RAW,3,1998,411961,main,6210,9,2,29739,main,371U,7,2,208066.734,435157.593,136.042,206704.062,433065.091,146.012,9.97,9.96953,0.00047,2497,2741,244,979233.9375,979237.3125,979239.7057,979243.5034,-0.000546934,9.970076934
1291,6210,3643,10.50606,2302,71,1.61,398,990.RAW,40_lul49F-521A-50F.csv,luba_loops_main,6210 3643 1050606 2302 71 161 398 990.RAW,3,1998,411961,main,6210,9,2,410637,main,3643,9,2,208066.734,435157.593,136.042,208555.1,437171.5,146.548,10.506,10.50606,6.00E-05,2072,2302,230,979233.9375,979232.5,979239.7057,979238.7136,0.000143143,10.50591686
1292,3643,3644,4.16178,2038,51,0.79,298,990.RAW,40_lul49F-521A-50F.csv,luba_loops_main,3643 3644 416178 2038 51 79 298 990.RAW,2,1998,410637,main,3643,9,2,410638,main,3644,9,2,208555.1,437171.5,146.548,209503.5,438764.9,150.711,4.163,4.16178,0.00122,1854,2038,184,979232.5,979236.5,979238.7136,979242.8901,-0.000633908,4.162413908
1293,3644,631U,17.64043,1910,50,1.98,298,990.RAW,40_lul49F-521A-50F.csv,luba_loops_main,3644 528A 1764043 1910 50 198 298 990.RAW,2,1998,410638,main,3644,9,2,30295,main,631U,7,2,209503.5,438764.9,150.711,210343.251,440307.509,168.352,17.641,17.64043,0.00057,1756,1910,154,979236.5,979236.25,979242.8901,979243.3881,-8.11E-05,17.64051113
1294,630U,631U,-3.61355,2423,76,-2.1,298,990.RAW,40_lul49F-521A-50F.csv,luba_loops_main,3645 528A -361355 2423 76 -210 298 990.RAW,2,1998,30294,main,630U,7,2,30295,main,631U,7,2,211741.745,441953.386,171.961,210343.251,440307.509,168.352,-3.609,-3.61355,0.00455,2160,2423,263,979237.125,979236.25,979244.4161,979243.3881,0.00017863,-3.61372863
1295,630U,629U,23.07443,4884,161,3.22,398,990.RAW,40_lul49F-521A-50F.csv,luba_loops_main,3645 3647 2307443 4884 161 322 398 990.RAW,3,1998,30294,main,630U,7,2,30293,main,629U,7,2,211741.745,441953.386,171.961,213717.742,446117.469,195.032,23.071,23.07443,0.00343,4609,4884,275,979237.125,979238.4375,979244.4161,979246.7069,-0.00042925,23.07485925
1296,627U,629U,-26.72705,3760,118,-2.73,398,990.RAW,40_lul49F-521A-50F.csv,luba_loops_main,3648 3647 -2672705 3760 118 -273 398 990.RAW,3,1998,30291,main,627U,7,2,30293,main,629U,7,2,213226.74,449489.676,221.76,213717.742,446117.469,195.032,-26.728,-26.72705,0.00095,3408,3760,352,979237.5625,979238.4375,979246.9651,979246.7069,5.50E-05,-26.72710496
1297,627U,626U,12.09826,2188,80,2.03,398,990.RAW,40_lul49F-521A-50F.csv,luba_loops_main,3648 3649 1209826 2188 80 203 398 990.RAW,3,1998,30291,main,627U,7,2,30290,main,626U,7,2,213226.74,449489.676,221.76,212284.323,451329.877,233.857,12.097,12.09826,0.00126,2067,2188,121,979237.5625,979237.1875,979246.9651,979247.103,-3.21E-05,12.09829208
1298,626U,625U,21.39381,2294,74,1.99,398,990.RAW,40_lul49F-521A-50F.csv,luba_loops_main,3649 530A 2139381 2294 74 199 398 990.RAW,3,1998,30290,main,626U,7,2,30289,main,625U,7,2,212284.323,451329.877,233.857,212296.898,453500.602,255.252,21.395,21.39381,0.00119,2171,2294,123,979237.1875,979238.5625,979247.103,979249.3852,-0.000569935,21.39437993
1299,624U,3652,-25.18396,4198,137,-2.97,498,990.RAW,40_lul49F-521A-50F.csv,luba_loops_main,3650 3652 -2518396 4198 137 -297 498 990.RAW,4,1998,30288,main,624U,7,2,410613,main,3652,9,2,212809.353,455371.064,224.493,213487,462013,199.307,-25.186,-25.18396,0.00204,6676,4198,2478,979240.6875,979250.5625,979250.206,979259.0131,-0.001905764,-25.18205424
1300,3652,623U,-7.31817,2151,71,-1.8,398,990.RAW,40_lul49F-521A-50F.csv,luba_loops_main,3652 531A -731817 2151 71 -180 398 990.RAW,3,1998,410613,main,3652,9,2,30287,main,623U,7,2,213487,462013,199.307,212636.431,461426.43,191.99,-7.317,-7.31817,0.00117,1033,2151,1118,979250.5625,979249.8125,979259.0131,979257.9529,0.000211828,-7.318381828
1301,622U,623U,-7.05837,2280,83,-1.97,398,990.RAW,40_lul49F-521A-50F.csv,luba_loops_main,3653 531A -705837 2280 83 -197 398 990.RAW,3,1998,30286,main,622U,7,2,30287,main,623U,7,2,212854.391,463609.384,199.036,212636.431,461426.43,191.99,-7.046,-7.05837,0.01237,2194,2280,86,979252.125,979249.8125,979260.5641,979257.9529,0.000521331,-7.058891331
1307,49F,363U,-9.69579,760,24,-1.09,398,990.RAW,40_lul49F-521A-50F.csv,luba_loops_main,49F 892 -969579 760 24 -109 398 990.RAW,3,1998,411135,main,49F,9,2,29745,main,363U,7,2,201655.006,464918.564,275.738,201233.447,465378.643,266.053,-9.685,-9.69579,0.01079,624,760,136,979245.1875,979248,979256.8788,979259.2806,-0.00066442,-9.69512558
1198,2522W,609U,10.15388,2952,50,-0.27,199,998.RAW,39_lul47F-521A-49F.csv,luba_loops_main,48F 3628 1015388 2952 50 -27 199 998.RAW,1,1999,30096,main,2522W,7,2,30326,main,609U,7,2,218531.797,503075.125,-45.473,218284.593,500227.473,-35.316,10.157,10.15388,0.00312,2858,2952,94,979333.375,979329.125,979326.3585,979323.6757,-0.000110662,10.15399066
1199,204U,351U,8.01157,884,16,0.75,899,998.RAW,39_lul47F-521A-49F.csv,luba_loops_main,204U 456A 801157 884 16 75 899 998.RAW,8,1999,29916,main,204U,7,3,29735,main,351U,7,2,181566.241,507907.305,762.914,181763.596,507128.398,770.926,8.012,8.01157,0.00043,804,884,80,979185.9375,979185.75,979218.2851,979218.4373,-0.000119209,8.011689209
1200,204U,350U,15.53225,1233,26,1.06,899,998.RAW,39_lul47F-521A-49F.csv,luba_loops_main,204U 3458 1553225 1233 26 106 899 998.RAW,8,1999,29916,main,204U,7,3,29772,main,350U,7,2,181566.241,507907.305,762.914,181131.865,508960.965,778.445,15.531,15.53225,0.00125,1140,1233,93,979185.9375,979188.1875,979218.2851,979221.1936,-0.002289099,15.5345391
1201,273U,277U,-9.31362,2925,60,-2.58,1099,998.RAW,39_lul47F-521A-49F.csv,luba_loops_main,273U 277U -931362 2925 60 -258 1099 998.RAW,10,1999,29846,main,273U,7,3,29850,main,277U,7,3,188847.575,498083.146,499.825,189214.319,500338.09,490.51,-9.315,-9.31362,0.00138,2285,2925,640,979235.1875,979245.1875,979256.3801,979265.9851,-0.004856813,-9.308763187
1202,273U,353U,-14.46965,3521,60,0.83,1199,998.RAW,39_lul47F-521A-49F.csv,luba_loops_main,273U 459A -1446965 3521 60 83 1199 998.RAW,11,1999,29846,main,273U,7,3,29736,main,353U,7,2,188847.575,498083.146,499.825,191324.269,496474.854,485.357,-14.468,-14.46965,0.00165,2953,3521,568,979235.1875,979245.5,979256.3801,979266.0791,-0.004878817,-14.46477118
1203,274U,275U,-142.90352,4405,96,-1.63,1199,998.RAW,39_lul47F-521A-49F.csv,luba_loops_main,274U 275U -14290352 4405 96 -163 1199 998.RAW,11,1999,29847,main,274U,7,3,29848,main,275U,7,3,182550.758,503531.763,626.94,186210.02,502596.552,484.039,-142.901,-142.90352,0.00252,3777,4405,628,979205.25,979246.6875,979231.8323,979267.2108,-0.020068414,-142.8834516
1204,275U,277U,6.46805,5023,96,0.88,1199,998.RAW,39_lul47F-521A-49F.csv,luba_loops_main,275U 277U 646805 5023 96 88 1199 998.RAW,11,1999,29848,main,275U,7,3,29850,main,277U,7,3,186210.02,502596.552,484.039,189214.319,500338.09,490.51,6.471,6.46805,0.00295,3759,5023,1264,979246.6875,979245.1875,979267.2108,979265.9851,0.000609861,6.467440139
1205,276U,354U,25.76261,3019,78,0.01,1299,998.RAW,39_lul47F-521A-49F.csv,luba_loops_main,276U 3466 2576261 3019 78 1 1299 998.RAW,12,1999,29849,main,276U,7,3,29773,main,354U,7,2,193443.329,492916.874,581.108,194680.013,490594.698,606.874,25.766,25.76261,0.00339,2631,3019,388,979231.125,979243.375,979255.764,979269.1065,-0.008093066,25.77070307
1206,278U,362U,-48.23574,4116,78,-2.18,1199,998.RAW,39_lul47F-521A-49F.csv,luba_loops_main,278U 888 -4823574 4116 78 -218 1199 998.RAW,11,1999,29851,main,278U,7,3,29744,main,362U,7,2,197498.487,467591.245,367.507,196662.063,469837.134,319.266,-48.241,-48.23574,0.00526,2397,4116,1719,979244.5625,979245.0625,979260.1448,979258.5994,0.00054192,-48.23628192
1207,303U,278U,106.24946,2996,66,2.66,1199,998.RAW,39_lul47F-521A-49F.csv,luba_loops_main,303U 278U 10624946 2996 66 266 1199 998.RAW,11,1999,29810,main,303U,7,3,29851,main,278U,7,3,199732.761,466276.975,261.261,197498.487,467591.245,367.507,106.246,106.24946,0.00346,2592,2996,404,979250.625,979244.5625,979261.7025,979260.1448,0.000500081,106.2489599
1209,360U,287U,-14.54961,2620,48,-2.52,100,998.RAW,39_lul47F-521A-49F.csv,luba_loops_main,465A 287U -1454961 2620 48 -252 01OO 998.RAW,1,2000,29737,main,360U,7,2,29791,main,287U,7,3,195281.193,476442.378,403.258,194654.501,478858.204,388.701,-14.557,-14.54961,0.00739,2496,2620,124,979233.625,979238.125,979250.7231,979254.6059,-0.001570089,-14.54803991
1210,360U,304U,-8.32550,2479,42,2.54,100,998.RAW,39_lul47F-521A-49F.csv,luba_loops_main,465A 304U -832550 2479 42 254 0100 998.RAW,1,2000,29737,main,360U,7,2,29813,main,304U,7,3,195281.193,476442.378,403.258,196162.69,474493.44,394.928,-8.33,-8.3255,0.0045,2139,2479,340,979233.625,979235.3125,979250.7231,979252.0574,-0.000543799,-8.324956201
1211,620U,619U,0.32576,2612,44,-0.15,399,998.RAW,39_lul47F-521A-49F.csv,luba_loops_main,521A 3637 32576 2612 44 -15 399 998.RAW,3,1999,30284,main,620U,7,2,30283,main,619U,7,2,212616.142,467947.301,172.795,213960.815,470111.713,173.126,0.331,0.32576,0.00524,2548,2612,64,979258.0625,979263.125,979265.389,979270.4655,-0.000896613,0.326656613
1212,2532W,2537W,13.71213,2831,48,1.42,199,998.RAW,39_lul47F-521A-49F.csv,luba_loops_main,524A 3630 1371213 2831 48 142 199 998.RAW,1,1999,21472,main,2532W,7,2,21469,main,2537W,7,2,217505.943,494467.752,-4.284,217177.423,491730.275,9.432,13.716,13.71213,0.00387,2757,2831,74,979319,979313.375,979318.339,979313.7749,1.20E-05,13.71211801
1214,2510W,2516W,19.06203,2855,48,1.97,1298,998.RAW,39_lul47F-521A-49F.csv,luba_loops_main,525A 3626 1906203 2855 48 197 1298 998.RAW,12,1998,20824,main,2510W,7,2,21479,main,2516W,7,2,220788.864,511752.419,-92.513,220504.062,509062.844,-73.444,19.069,19.06203,0.00697,2705,2855,150,979350.5,979345.5,979336.2252,979334.1676,-0.000174351,19.06220435
1222,607U,2522W,8.67764,3342,56,2.86,199,998.RAW,39_lul47F-521A-49F.csv,luba_loops_main,607U 48F 867764 3342 56 286 0199 998.RAW,1,1999,30325,main,607U,7,3,30096,main,2522W,7,2,219769.772,506099.825,-54.157,218531.797,503075.125,-45.473,8.684,8.67764,0.00636,3268,3342,74,979340.4375,979333.375,979332.0811,979326.3585,-0.000291106,8.677931106
1223,615U,614U,-15.90643,3049,52,-1.83,399,998.RAW,39_lul47F-521A-49F.csv,luba_loops_main,615U 523A -1590643 3049 52 -183 399 998.RAW,3,1999,30330,main,615U,7,3,30329,main,614U,7,2,214323.325,481927.677,61.823,215063.958,484532.347,45.914,-15.909,-15.90643,0.00257,2708,3049,341,979289.8125,979294,979292.4338,979295.9468,-0.000193243,-15.90623676
1224,615U,616U,16.60354,2732,46,2.78,299,998.RAW,39_lul47F-521A-49F.csv,luba_loops_main,615U 616U 1660354 2732 46 278 299 998.RAW,2,1999,30330,main,615U,7,3,30280,main,616U,7,3,214323.325,481927.677,61.823,214516.673,479312.639,78.428,16.605,16.60354,0.00146,2622,2732,110,979289.8125,979285.4375,979292.4338,979288.7628,0.000262869,16.60327713
1225,617U,616U,-26.37376,4842,82,0.9,299,998.RAW,39_lul47F-521A-49F.csv,luba_loops_main,617U 616U -2637376 4842 82 90 299 998.RAW,2,1999,30281,main,617U,7,3,30280,main,616U,7,3,216151.221,474852.407,104.805,214516.673,479312.639,78.428,-26.377,-26.37376,0.00324,4750,4842,92,979279.1875,979285.4375,979283.6312,979288.7628,-0.000480092,-26.37327991
1226,617U,618U,53.81449,3268,60,2.08,299,998.RAW,39_lul47F-521A-49F.csv,luba_loops_main,617U 618U 5381449 3268 60 208 299 998.RAW,2,1999,30281,main,617U,7,3,30282,main,618U,7,3,216151.221,474852.407,104.805,215436.599,472153.715,158.622,53.817,53.81449,0.00251,2792,3268,476,979279.1875,979271.9375,979283.6312,979278.6631,0.000668214,53.81382179
1229,361U,304U,102.90838,2175,54,-0.16,1199,998.RAW,39_lul47F-521A-49F.csv,luba_loops_main,886 304U 10290838 2175 54 -16 1199 998.RAW,11,1999,29743,main,361U,7,3,29813,main,304U,7,3,195116.041,472670.234,292.016,196162.69,474493.44,394.928,102.912,102.90838,0.00362,2102,2175,73,979241.625,979235.3125,979254.0065,979252.0574,0.000683618,102.9076964
1230,361U,362U,27.25671,4037,102,0.3,300,998.RAW,39_lul47F-521A-49F.csv,luba_loops_main,886 888 2725671 4037 102 30 0300 998.RAW,3,2000,29743,main,361U,7,3,29744,main,362U,7,2,195116.041,472670.234,292.016,196662.063,469837.134,319.266,27.25,27.25671,0.00671,3227,4037,810,979241.625,979245.0625,979254.0065,979258.5994,-0.001433527,27.25814353
1231,363U,49F,9.69527,887,16,0.16,399,998.RAW,39_lul47F-521A-49F.csv,luba_loops_main,892 49F 969527 887 16 16 399 998.RAW,3,1999,29745,main,363U,7,2,411135,main,49F,9,2,201233.447,465378.643,266.053,201655.006,464918.564,275.738,9.685,9.69527,0.01027,624,887,263,979248,979245.1875,979259.2806,979256.8788,0.000664447,9.694605553
1232,363U,303U,-4.78906,2061,34,-2.07,699,998.RAW,39_lul47F-521A-49F.csv,luba_loops_main,892 303U -478906 2061 34 -207 699 998.RAW,6,1999,29745,main,363U,7,2,29810,main,303U,7,3,201233.447,465378.643,266.053,199732.761,466276.975,261.261,-4.792,-4.78906,0.00294,1749,2061,312,979248,979250.625,979259.2806,979261.7025,-0.000652056,-4.788407944
1233,352U,1522W,-27.63303,1995,36,-2.1,999,998.RAW,39_lul47F-521A-49F.csv,luba_loops_main,3358B 3361B -2763303 1995 36 -210 999 998.RAW,9,1999,29769,main,352U,7,3,20434,main,1522W,7,3,180973.143,502969.069,839.842,181171.323,504917.188,812.208,-27.634,-27.63303,0.00097,1958,1995,37,979184.875,979185.9375,979220.4843,979220.3751,9.21E-05,-27.6331221
1234,352U,3460,-139.85776,3031,100,-2.05,1099,998.RAW,39_lul47F-521A-49F.csv,luba_loops_main,3358B 3460 -13985776 3031 100 -205 1099 998.RAW,10,1999,29769,main,352U,7,3,410686,main,3460,9,2,180973.143,502969.069,839.842,182233,503804,699.999,-139.843,-139.85776,0.01476,1511,3031,1520,979184.875,979200.8125,979220.4843,979230.4925,-0.007868843,-139.8498912
1235,1522W,351U,-41.27264,2456,48,-1.23,999,998.RAW,39_lul47F-521A-49F.csv,luba_loops_main,3361B 456A -4127264 2456 48 -123 999 998.RAW,9,1999,20434,main,1522W,7,3,29735,main,351U,7,2,181171.323,504917.188,812.208,181763.596,507128.398,770.926,-41.282,-41.27264,0.00936,2289,2456,167,979185.9375,979185.75,979220.3751,979218.4373,0.001566507,-41.27420651
1240,349U,350U,0.78266,2704,56,2.55,899,998.RAW,39_lul47F-521A-49F.csv,luba_loops_main,3457 3458 78266 2704 56 255 899 998.RAW,8,1999,29771,main,349U,7,2,29772,main,350U,7,2,179809.966,511039.118,777.668,181131.865,508960.965,778.445,0.777,0.78266,0.00566,2463,2704,241,979196.0625,979188.1875,979229.0356,979221.1936,0.006231058,0.776428942
1241,3460,274U,-73.05968,1118,36,-1.45,1199,998.RAW,39_lul47F-521A-49F.csv,luba_loops_main,3460 274U -7305968 1118 36 -145 1199 998.RAW,11,1999,410686,main,3460,9,2,29847,main,274U,7,3,182233,503804,699.999,182550.758,503531.763,626.94,-73.059,-73.05968,0.00068,418,1118,700,979200.8125,979205.25,979230.4925,979231.8323,-0.000907768,-73.05877223
1242,355U,354U,197.33761,4319,122,-2.71,1299,998.RAW,39_lul47F-521A-49F.csv,luba_loops_main,3479 3466 19733761 4319 122 -271 1299 998.RAW,12,1999,29774,main,355U,7,2,29773,main,354U,7,2,193349.101,488470.997,409.544,194680.013,490594.698,606.874,197.33,197.33761,0.00761,2506,4319,1813,979244.9375,979243.375,979262.3022,979269.1065,-0.003531234,197.3411412
1243,355U,356U,-29.83061,3221,62,-1.46,1299,998.RAW,39_lul47F-521A-49F.csv,luba_loops_main,3479 3558B -2983061 3221 62 -146 1299 998.RAW,12,1999,29774,main,355U,7,2,29777,main,356U,7,3,193349.101,488470.997,409.544,193477.377,485584.429,379.706,-29.838,-29.83061,0.00739,2889,3221,332,979244.9375,979252.3125,979262.3022,979268.412,-0.002462174,-29.82814783
1244,356U,357U,1.96038,1294,24,0.76,1299,998.RAW,39_lul47F-521A-49F.csv,luba_loops_main,3558B 3559B 196038 1294 24 76 1299 998.RAW,12,1999,29777,main,356U,7,3,29778,main,357U,7,3,193477.377,485584.429,379.706,193665.417,484518.211,381.668,1.962,1.96038,0.00162,1083,1294,211,979252.3125,979251.9375,979268.412,979268.1202,0.00011344,1.96026656
1245,358U,357U,0.80216,1268,24,0.4,100,998.RAW,39_lul47F-521A-49F.csv,luba_loops_main,3560B 3559B 80216 1268 24 40 0100 998.RAW,1,2000,29779,main,358U,7,3,29778,main,357U,7,3,193851.17,483404.133,380.867,193665.417,484518.211,381.668,0.801,0.80216,0.00116,1129,1268,139,979250.4375,979251.9375,979266.5863,979268.1202,-0.000597233,0.802757233
1246,359U,287U,14.25357,3096,52,-0.49,100,998.RAW,39_lul47F-521A-49F.csv,luba_loops_main,3561B 287U 1425357 3096 52 -49 0100 998.RAW,1,2000,29780,main,359U,7,3,29791,main,287U,7,3,194158.583,481844.378,374.438,194654.501,478858.204,388.701,14.263,14.25357,0.00943,3027,3096,69,979245.8125,979238.125,979261.6887,979254.6059,0.00275978,14.25081022
1247,359U,358U,6.42759,1696,30,0.14,100,998.RAW,39_lul47F-521A-49F.csv,luba_loops_main,3561B 3560B 642759 1696 30 14 0100 998.RAW,1,2000,29780,main,359U,7,3,29779,main,358U,7,3,194158.583,481844.378,374.438,193851.17,483404.133,380.867,6.429,6.42759,0.00141,1590,1696,106,979245.8125,979250.4375,979261.6887,979266.5863,-0.001888744,6.429478744
1250,2516W,607U,19.28842,3309,58,4.79,1298,998.RAW,39_lul47F-521A-49F.csv,luba_loops_main,3626 607U 1928842 3309 58 479 1298 998.RAW,12,1998,21479,main,2516W,7,2,30325,main,607U,7,3,220504.062,509062.844,-73.444,219769.772,506099.825,-54.157,19.287,19.28842,0.00142,3053,3309,256,979345.5,979340.4375,979334.1676,979332.0811,-0.000135929,19.28855593
1251,609U,2533W,16.74191,3091,52,2.8,199,998.RAW,39_lul47F-521A-49F.csv,luba_loops_main,3628 3629 1674191 3091 52 280 199 998.RAW,1,1999,30326,main,609U,7,2,20832,main,2533W,7,2,218284.593,500227.473,-35.316,217923.169,497329.4,-18.578,16.738,16.74191,0.00391,2921,3091,170,979329.125,979324.3125,979323.6757,979321.4459,-6.14E-05,16.74197135
1252,2533W,2532W,14.29981,2956,50,2.09,199,998.RAW,39_lul47F-521A-49F.csv,luba_loops_main,3629 524A 1429981 2956 50 209 199 998.RAW,1,1999,20832,main,2533W,7,2,21472,main,2532W,7,2,217923.169,497329.4,-18.578,217505.943,494467.752,-4.284,14.294,14.29981,0.00581,2892,2956,64,979324.3125,979319,979321.4459,979318.339,-3.63E-05,14.29984626
1253,2537W,612U,11.42681,1926,32,0.83,199,998.RAW,39_lul47F-521A-49F.csv,luba_loops_main,3630 3631 1142681 1926 32 83 199 998.RAW,1,1999,21469,main,2537W,7,2,30327,main,612U,7,2,217177.423,491730.275,9.432,216864.208,489942.414,20.864,11.432,11.42681,0.00519,1815,1926,111,979313.375,979308.1875,979313.7749,979309.0721,7.27E-05,11.42673727
1254,612U,613U,16.80469,2752,46,-0.23,199,998.RAW,39_lul47F-521A-49F.csv,luba_loops_main,3631 7166B 1680469 2752 46 -23 199 998.RAW,1,1999,30327,main,612U,7,2,30328,main,613U,7,3,216864.208,489942.414,20.864,216320.436,487310.779,37.665,16.801,16.80469,0.00369,2687,2752,65,979308.1875,979300.875,979309.0721,979302.472,0.000197244,16.80449276
1255,619U,618U,-14.49529,2586,44,-1.97,399,998.RAW,39_lul47F-521A-49F.csv,luba_loops_main,3637 618U -1449529 2586 44 -197 399 998.RAW,3,1999,30283,main,619U,7,2,30282,main,618U,7,3,213960.815,470111.713,173.126,215436.599,472153.715,158.622,-14.504,-14.49529,0.00871,2519,2586,67,979263.125,979271.9375,979270.4655,979278.6631,-0.001388566,-14.49390143
1256,3640,522A,18.58010,2310,42,1.89,399,998.RAW,39_lul47F-521A-49F.csv,luba_loops_main,3640 522A 1858010 2310 42 189 399 998.RAW,3,1999,410634,main,3640,9,2,410969,main,522A,9,2,207542,466516,241.204,205813,465692,259.786,18.582,18.5801,0.0019,1915,2310,395,979250.3125,979248.0625,979260.5395,979259.0774,0.00037401,18.57972599
1257,3640,3639,-26.57943,1648,30,-2.4,399,998.RAW,39_lul47F-521A-49F.csv,luba_loops_main,3640 3639 -2657943 1648 30 -240 399 998.RAW,3,1999,410634,main,3640,9,2,410633,main,3639,9,2,207542,466516,241.204,209692.3,466864.1,214.624,-26.58,-26.57943,0.00057,2178,1648,530,979250.3125,979253.5,979260.5395,979262.6001,-0.000479564,-26.57895044
1262,6161,49F,12.32839,2489,44,2.45,399,998.RAW,39_lul47F-521A-49F.csv,luba_loops_main,6161 49F 1232839 2489 44 245 399 998.RAW,3,1999,415134,main,6161,9,3,411135,main,49F,9,2,203772.61,465480.618,263.412,201655.006,464918.564,275.738,12.326,12.32839,0.00239,2191,2489,298,979246.9375,979245.1875,979258.1062,979256.8788,0.00033788,12.32805212
1263,6161,522A,-3.62768,2717,46,1.38,399,998.RAW,39_lul47F-521A-49F.csv,luba_loops_main,6161 522A -362768 2717 46 138 399 998.RAW,3,1999,415134,main,6161,9,3,410969,main,522A,9,2,203772.61,465480.618,263.412,205813,465692,259.786,-3.626,-3.62768,0.00168,2051,2717,666,979246.9375,979248.0625,979258.1062,979259.0774,-0.000259461,-3.627420539
1264,613U,614U,8.25244,3229,54,2.94,299,998.RAW,39_lul47F-521A-49F.csv,luba_loops_main,7166B 523A 825244 3229 54 294 299 998.RAW,2,1999,30328,main,613U,7,3,30329,main,614U,7,2,216320.436,487310.779,37.665,215063.958,484532.347,45.914,8.249,8.25244,0.00344,3049,3229,180,979300.875,979294,979302.472,979295.9468,0.000278463,8.252161537
1265,276U,6193,-11.01342,139,6,-0.14,1299,998.RAW,39_lul47F-521A-49F.csv,luba_loops_main,276U 6193 -1101342 139 6 -14 1299 998.RAW,12,1999,29849,main,276U,7,3,415678,main,6193,9,3,193443.329,492916.874,581.108,193300,493000,570.095,-11.013,-11.01342,0.00042,166,139,27,979231.125,979230.4375,979255.764,979254.6095,0.000678581,-11.01409858
1266,353U,6193,84.74554,4627,92,1.31,1299,998.RAW,39_lul47F-521A-49F.csv,luba_loops_main,459A 6193 8474554 4627 92 131 1299 998.RAW,12,1999,29736,main,353U,7,2,415678,main,6193,9,3,191324.269,496474.854,485.357,193300,493000,570.095,84.738,84.74554,0.00754,3997,4627,630,979245.5,979230.4375,979266.0791,979254.6095,0.006181083,84.73935892
1267,620U,MNHA,40.99849,3150,52,2.91,399,998.RAW,39_lul47F-521A-49F.csv,luba_loops_main,521A MNHA 4099849 3150 52 291 399 998.RAW,3,1999,30284,main,620U,7,2,446826,main,MNHA,5,3,212616.142,467947.301,172.795,209788.137,466856.205,213.802,41.007,40.99849,0.00851,3031,3150,119,979258.0625,979253.5625,979265.389,979262.6277,0.000545047,40.99794495
1268,3639,MNHA,-0.82121,189,4,0.02,399,998.RAW,39_lul47F-521A-49F.csv,luba_loops_main,3639 MNHA -82121 189 4 2 399 998.RAW,3,1999,410633,main,3639,9,2,446826,main,MNHA,5,3,209692.3,466864.1,214.624,209788.137,466856.205,213.802,-0.822,-0.82121,0.00079,96,189,93,979253.5,979253.5625,979262.6001,979262.6277,-6.05E-06,-0.821203952
