num,A,B,dH,dist,n,diff,date,calc_file,text_file,group,Original,month,year,codeA,typeA,nameA,groupA,rankA,codeB,typeB,nameB,groupB,rankB,Y1,X1,H1,Y2,X2,H2,dH_from_DB,dH_from_file,dH_diff,dist_from_DB,dist_from_file,dist_diff
1199,204U,351U,8.01157,884,16,0.75,899,998.RAW,39_lul47F-521A-49F.csv,luba_loops_main,204U 456A 801157 884 16 75 899 998.RAW,8,1999,29916,main,204U,7,3,29735,main,351U,7,2,181566.241,507907.305,762.914,181763.596,507128.398,770.926,8.012,8.01157,0.00043,804,884,80
1201,273U,277U,-9.31362,2925,60,-2.58,1099,998.RAW,39_lul47F-521A-49F.csv,luba_loops_main,273U 277U -931362 2925 60 -258 1099 998.RAW,10,1999,29846,main,273U,7,3,29850,main,277U,7,3,188847.575,498083.146,499.825,189214.319,500338.09,490.51,-9.315,-9.31362,0.00138,2285,2925,640
1202,273U,353U,-14.46965,3521,60,0.83,1199,998.RAW,39_lul47F-521A-49F.csv,luba_loops_main,273U 459A -1446965 3521 60 83 1199 998.RAW,11,1999,29846,main,273U,7,3,29736,main,353U,7,2,188847.575,498083.146,499.825,191324.269,496474.854,485.357,-14.468,-14.46965,0.00165,2953,3521,568
1203,274U,275U,-142.90352,4405,96,-1.63,1199,998.RAW,39_lul47F-521A-49F.csv,luba_loops_main,274U 275U -14290352 4405 96 -163 1199 998.RAW,11,1999,29847,main,274U,7,3,29848,main,275U,7,3,182550.758,503531.763,626.94,186210.02,502596.552,484.039,-142.901,-142.90352,0.00252,3777,4405,628
1204,275U,277U,6.46805,5023,96,0.88,1199,998.RAW,39_lul47F-521A-49F.csv,luba_loops_main,275U 277U 646805 5023 96 88 1199 998.RAW,11,1999,29848,main,275U,7,3,29850,main,277U,7,3,186210.02,502596.552,484.039,189214.319,500338.09,490.51,6.471,6.46805,0.00295,3759,5023,1264
1205,276U,354U,25.76261,3019,78,0.01,1299,998.RAW,39_lul47F-521A-49F.csv,luba_loops_main,276U 3466 2576261 3019 78 1 1299 998.RAW,12,1999,29849,main,276U,7,3,29773,main,354U,7,2,193443.329,492916.874,581.108,194680.013,490594.698,606.874,25.766,25.76261,0.00339,2631,3019,388
1206,278U,362U,-48.23574,4116,78,-2.18,1199,998.RAW,39_lul47F-521A-49F.csv,luba_loops_main,278U 888 -4823574 4116 78 -218 1199 998.RAW,11,1999,29851,main,278U,7,3,29744,main,362U,7,2,197498.487,467591.245,367.507,196662.063,469837.134,319.266,-48.241,-48.23574,0.00526,2397,4116,1719
1207,303U,278U,106.24946,2996,66,2.66,1199,998.RAW,39_lul47F-521A-49F.csv,luba_loops_main,303U 278U 10624946 2996 66 266 1199 998.RAW,11,1999,29810,main,303U,7,3,29851,main,278U,7,3,199732.761,466276.975,261.261,197498.487,467591.245,367.507,106.246,106.24946,0.00346,2592,2996,404
1209,360U,287U,-14.54961,2620,48,-2.52,100,998.RAW,39_lul47F-521A-49F.csv,luba_loops_main,465A 287U -1454961 2620 48 -252 01OO 998.RAW,1,2000,29737,main,360U,7,2,29791,main,287U,7,3,195281.193,476442.378,403.258,194654.501,478858.204,388.701,-14.557,-14.54961,0.00739,2496,2620,124
1210,360U,304U,-8.3255,2479,42,2.54,100,998.RAW,39_lul47F-521A-49F.csv,luba_loops_main,465A 304U -832550 2479 42 254 0100 998.RAW,1,2000,29737,main,360U,7,2,29813,main,304U,7,3,195281.193,476442.378,403.258,196162.69,474493.44,394.928,-8.33,-8.3255,0.0045,2139,2479,340
1211,620U,619U,0.32576,2612,44,-0.15,399,998.RAW,39_lul47F-521A-49F.csv,luba_loops_main,521A 3637 32576 2612 44 -15 399 998.RAW,3,1999,30284,main,620U,7,2,30283,main,619U,7,2,212616.142,467947.301,172.795,213960.815,470111.713,173.126,0.331,0.32576,0.00524,2548,2612,64
1226,617U,618U,53.81449,3268,60,2.08,299,998.RAW,39_lul47F-521A-49F.csv,luba_loops_main,617U 618U 5381449 3268 60 208 299 998.RAW,2,1999,30281,main,617U,7,3,30282,main,618U,7,3,216151.221,474852.407,104.805,215436.599,472153.715,158.622,53.817,53.81449,0.00251,2792,3268,476
1229,361U,304U,102.90838,2175,54,-0.16,1199,998.RAW,39_lul47F-521A-49F.csv,luba_loops_main,886 304U 10290838 2175 54 -16 1199 998.RAW,11,1999,29743,main,361U,7,3,29813,main,304U,7,3,195116.041,472670.234,292.016,196162.69,474493.44,394.928,102.912,102.90838,0.00362,2102,2175,73
1230,361U,362U,27.25671,4037,102,0.3,300,998.RAW,39_lul47F-521A-49F.csv,luba_loops_main,886 888 2725671 4037 102 30 0300 998.RAW,3,2000,29743,main,361U,7,3,29744,main,362U,7,2,195116.041,472670.234,292.016,196662.063,469837.134,319.266,27.25,27.25671,0.00671,3227,4037,810
1231,363U,49F,9.69527,887,16,0.16,399,998.RAW,39_lul47F-521A-49F.csv,luba_loops_main,892 49F 969527 887 16 16 399 998.RAW,3,1999,29745,main,363U,7,2,411135,main,49F,9,2,201233.447,465378.643,266.053,201655.006,464918.564,275.738,9.685,9.69527,0.01027,624,887,263
1232,363U,303U,-4.78906,2061,34,-2.07,699,998.RAW,39_lul47F-521A-49F.csv,luba_loops_main,892 303U -478906 2061 34 -207 699 998.RAW,6,1999,29745,main,363U,7,2,29810,main,303U,7,3,201233.447,465378.643,266.053,199732.761,466276.975,261.261,-4.792,-4.78906,0.00294,1749,2061,312
1233,352U,1522W,-27.63303,1995,36,-2.1,999,998.RAW,39_lul47F-521A-49F.csv,luba_loops_main,3358B 3361B -2763303 1995 36 -210 999 998.RAW,9,1999,29769,main,352U,7,3,20434,main,1522W,7,3,180973.143,502969.069,839.842,181171.323,504917.188,812.208,-27.634,-27.63303,0.00097,1958,1995,37
1234,352U,3460,-139.85776,3031,100,-2.05,1099,998.RAW,39_lul47F-521A-49F.csv,luba_loops_main,3358B 3460 -13985776 3031 100 -205 1099 998.RAW,10,1999,29769,main,352U,7,3,410686,main,3460,9,2,180973.143,502969.069,839.842,182233,503804,699.999,-139.843,-139.85776,0.01476,1511,3031,1520
1235,1522W,351U,-41.27264,2456,48,-1.23,999,998.RAW,39_lul47F-521A-49F.csv,luba_loops_main,3361B 456A -4127264 2456 48 -123 999 998.RAW,9,1999,20434,main,1522W,7,3,29735,main,351U,7,2,181171.323,504917.188,812.208,181763.596,507128.398,770.926,-41.282,-41.27264,0.00936,2289,2456,167
1241,3460,274U,-73.05968,1118,36,-1.45,1199,998.RAW,39_lul47F-521A-49F.csv,luba_loops_main,3460 274U -7305968 1118 36 -145 1199 998.RAW,11,1999,410686,main,3460,9,2,29847,main,274U,7,3,182233,503804,699.999,182550.758,503531.763,626.94,-73.059,-73.05968,0.00068,418,1118,700
1242,355U,354U,197.33761,4319,122,-2.71,1299,998.RAW,39_lul47F-521A-49F.csv,luba_loops_main,3479 3466 19733761 4319 122 -271 1299 998.RAW,12,1999,29774,main,355U,7,2,29773,main,354U,7,2,193349.101,488470.997,409.544,194680.013,490594.698,606.874,197.33,197.33761,0.00761,2506,4319,1813
1243,355U,356U,-29.83061,3221,62,-1.46,1299,998.RAW,39_lul47F-521A-49F.csv,luba_loops_main,3479 3558B -2983061 3221 62 -146 1299 998.RAW,12,1999,29774,main,355U,7,2,29777,main,356U,7,3,193349.101,488470.997,409.544,193477.377,485584.429,379.706,-29.838,-29.83061,0.00739,2889,3221,332
1244,356U,357U,1.96038,1294,24,0.76,1299,998.RAW,39_lul47F-521A-49F.csv,luba_loops_main,3558B 3559B 196038 1294 24 76 1299 998.RAW,12,1999,29777,main,356U,7,3,29778,main,357U,7,3,193477.377,485584.429,379.706,193665.417,484518.211,381.668,1.962,1.96038,0.00162,1083,1294,211
1245,358U,357U,0.80216,1268,24,0.4,100,998.RAW,39_lul47F-521A-49F.csv,luba_loops_main,3560B 3559B 80216 1268 24 40 0100 998.RAW,1,2000,29779,main,358U,7,3,29778,main,357U,7,3,193851.17,483404.133,380.867,193665.417,484518.211,381.668,0.801,0.80216,0.00116,1129,1268,139
1246,359U,287U,14.25357,3096,52,-0.49,100,998.RAW,39_lul47F-521A-49F.csv,luba_loops_main,3561B 287U 1425357 3096 52 -49 0100 998.RAW,1,2000,29780,main,359U,7,3,29791,main,287U,7,3,194158.583,481844.378,374.438,194654.501,478858.204,388.701,14.263,14.25357,0.00943,3027,3096,69
1247,359U,358U,6.42759,1696,30,0.14,100,998.RAW,39_lul47F-521A-49F.csv,luba_loops_main,3561B 3560B 642759 1696 30 14 0100 998.RAW,1,2000,29780,main,359U,7,3,29779,main,358U,7,3,194158.583,481844.378,374.438,193851.17,483404.133,380.867,6.429,6.42759,0.00141,1590,1696,106
1255,619U,618U,-14.49529,2586,44,-1.97,399,998.RAW,39_lul47F-521A-49F.csv,luba_loops_main,3637 618U -1449529 2586 44 -197 399 998.RAW,3,1999,30283,main,619U,7,2,30282,main,618U,7,3,213960.815,470111.713,173.126,215436.599,472153.715,158.622,-14.504,-14.49529,0.00871,2519,2586,67
1256,3640,522A,18.5801,2310,42,1.89,399,998.RAW,39_lul47F-521A-49F.csv,luba_loops_main,3640 522A 1858010 2310 42 189 399 998.RAW,3,1999,410634,main,3640,9,2,410969,main,522A,9,2,207542,466516,241.204,205813,465692,259.786,18.582,18.5801,0.0019,1915,2310,395
1257,3640,3639,-26.57943,1648,30,-2.4,399,998.RAW,39_lul47F-521A-49F.csv,luba_loops_main,3640 3639 -2657943 1648 30 -240 399 998.RAW,3,1999,410634,main,3640,9,2,410633,main,3639,9,2,207542,466516,241.204,209692.3,466864.1,214.624,-26.58,-26.57943,0.00057,2178,1648,530
1262,6161,49F,12.32839,2489,44,2.45,399,998.RAW,39_lul47F-521A-49F.csv,luba_loops_main,6161 49F 1232839 2489 44 245 399 998.RAW,3,1999,415134,main,6161,9,3,411135,main,49F,9,2,203772.61,465480.618,263.412,201655.006,464918.564,275.738,12.326,12.32839,0.00239,2191,2489,298
1263,6161,522A,-3.62768,2717,46,1.38,399,998.RAW,39_lul47F-521A-49F.csv,luba_loops_main,6161 522A -362768 2717 46 138 399 998.RAW,3,1999,415134,main,6161,9,3,410969,main,522A,9,2,203772.61,465480.618,263.412,205813,465692,259.786,-3.626,-3.62768,0.00168,2051,2717,666
1265,276U,6193,-11.01342,139,6,-0.14,1299,998.RAW,39_lul47F-521A-49F.csv,luba_loops_main,276U 6193 -1101342 139 6 -14 1299 998.RAW,12,1999,29849,main,276U,7,3,415678,main,6193,9,3,193443.329,492916.874,581.108,193300,493000,570.095,-11.013,-11.01342,0.00042,166,139,27
1266,353U,6193,84.74554,4627,92,1.31,1299,998.RAW,39_lul47F-521A-49F.csv,luba_loops_main,459A 6193 8474554 4627 92 131 1299 998.RAW,12,1999,29736,main,353U,7,2,415678,main,6193,9,3,191324.269,496474.854,485.357,193300,493000,570.095,84.738,84.74554,0.00754,3997,4627,630
1267,620U,MNHA,40.99849,3150,52,2.91,399,998.RAW,39_lul47F-521A-49F.csv,luba_loops_main,521A MNHA 4099849 3150 52 291 399 998.RAW,3,1999,30284,main,620U,7,2,446826,main,MNHA,5,3,212616.142,467947.301,172.795,209788.137,466856.205,213.802,41.007,40.99849,0.00851,3031,3150,119
1268,3639,MNHA,-0.82121,189,4,0.02,399,998.RAW,39_lul47F-521A-49F.csv,luba_loops_main,3639 MNHA -82121 189 4 2 399 998.RAW,3,1999,410633,main,3639,9,2,446826,main,MNHA,5,3,209692.3,466864.1,214.624,209788.137,466856.205,213.802,-0.822,-0.82121,0.00079,96,189,93
1269,49F,364U,3.74376,1293,40,1.58,498,990.RAW,40_lul49F-521A-50F.csv,luba_loops_main,49F 893 374376 1293 40 158 498 990.RAW,4,1998,411135,main,49F,9,2,29746,main,364U,7,2,201655.006,464918.564,275.738,202015.46,463862.043,279.484,3.746,3.74376,0.00224,1116,1293,177
1270,371U,370U,106.82156,2709,107,2.19,797,987.RAW,40_lul49F-521A-50F.csv,luba_loops_main,50F 910 10682156 2709 107 219 797 987.RAW,7,1997,29739,main,371U,7,2,29751,main,370U,7,2,206704.062,433065.091,146.012,206036.573,434740.227,252.827,106.815,106.82156,0.00656,1803,2709,906
1271,280U,281U,7.87705,1996,53,1.7,398,990.RAW,40_lul49F-521A-50F.csv,luba_loops_main,280U 281U 787705 1996 53 170 398 990.RAW,3,1998,29853,main,280U,7,3,29854,main,281U,7,3,201086.833,447885.791,332.209,200690.272,445938.933,340.09,7.881,7.87705,0.00395,1987,1996,9
1272,302U,301U,15.01527,2172,69,1.63,498,990.RAW,40_lul49F-521A-50F.csv,luba_loops_main,302U 301U 1501527 2172 69 163 498 990.RAW,4,1998,29807,main,302U,7,3,29804,main,301U,7,3,202018.256,462180.189,262.453,201520.317,460135.227,277.47,15.017,15.01527,0.00173,2105,2172,67
1273,302U,364U,17.0319,1731,59,1.55,498,990.RAW,40_lul49F-521A-50F.csv,luba_loops_main,302U 893 1703190 1731 59 155 498 990.RAW,4,1998,29807,main,302U,7,3,29746,main,364U,7,2,202018.256,462180.189,262.453,202015.46,463862.043,279.484,17.031,17.0319,0.0009,1682,1731,49
1274,366U,279U,-4.98481,3542,112,0.21,398,990.RAW,40_lul49F-521A-50F.csv,luba_loops_main,507A 279U -498481 3542 112 21 398 990.RAW,3,1998,29738,main,366U,7,2,29852,main,279U,7,3,201695.334,451846.415,288.067,200797.274,455211.69,283.08,-4.987,-4.98481,0.00219,3483,3542,59
1275,620U,621U,26.92985,2345,76,0.73,498,989.RAW,40_lul49F-521A-50F.csv,luba_loops_main,521A 3654 2692985 2345 76 73 498 989.RAW,4,1998,30284,main,620U,7,2,30285,main,621U,7,2,212616.142,467947.301,172.795,212425.749,465664.849,199.735,26.94,26.92985,0.01015,2290,2345,55
1276,625U,624U,-30.75674,2076,71,-1.59,398,990.RAW,40_lul49F-521A-50F.csv,luba_loops_main,530A 3650 -3075674 2076 71 -159 398 990.RAW,3,1998,30289,main,625U,7,2,30288,main,624U,7,2,212296.898,453500.602,255.252,212809.353,455371.064,224.493,-30.759,-30.75674,0.00226,1939,2076,137
1277,365U,279U,-0.93993,2815,87,-2.3,398,990.RAW,40_lul49F-521A-50F.csv,luba_loops_main,896 279U -93993 2815 87 -230 398 990.RAW,3,1998,29747,main,365U,7,2,29852,main,279U,7,3,200828.675,457927.797,284.018,200797.274,455211.69,283.08,-0.938,-0.93993,0.00193,2716,2815,99
1278,365U,301U,-6.54523,2367,77,-0.57,498,990.RAW,40_lul49F-521A-50F.csv,luba_loops_main,896 301U -654523 2367 77 -57 498 990.RAW,4,1998,29747,main,365U,7,2,29804,main,301U,7,3,200828.675,457927.797,284.018,201520.317,460135.227,277.47,-6.548,-6.54523,0.00277,2313,2367,54
1279,367U,280U,23.41283,2195,52,1.73,398,990.RAW,40_lul49F-521A-50F.csv,luba_loops_main,900 280U 2341283 2195 52 173 398 990.RAW,3,1998,29748,main,367U,7,2,29853,main,280U,7,3,202043.803,449831.774,308.792,201086.833,447885.791,332.209,23.417,23.41283,0.00417,2169,2195,26
1280,367U,366U,-20.72202,2122,68,-1.53,398,990.RAW,40_lul49F-521A-50F.csv,luba_loops_main,900 507A -2072202 2122 68 -153 398 990.RAW,3,1998,29748,main,367U,7,2,29738,main,366U,7,2,202043.803,449831.774,308.792,201695.334,451846.415,288.067,-20.725,-20.72202,0.00298,2045,2122,77
1281,368U,281U,-43.01326,3951,135,-2.24,398,990.RAW,40_lul49F-521A-50F.csv,luba_loops_main,904 281U -4301326 3951 135 -224 398 990.RAW,3,1998,29749,main,368U,7,2,29854,main,281U,7,3,200550.971,442126.94,383.11,200690.272,445938.933,340.09,-43.02,-43.01326,0.00674,3815,3951,136
1282,368U,282U,15.72456,2593,73,1.9,797,986.RAW,40_lul49F-521A-50F.csv,luba_loops_main,904 282U 1572456 2593 73 190 797 986.RAW,7,1997,29749,main,368U,7,2,29855,main,282U,7,3,200550.971,442126.94,383.11,201251.129,439778.462,398.831,15.721,15.72456,0.00356,2451,2593,142
1283,369U,282U,0.68812,1536,45,-1.27,397,986.RAW,40_lul49F-521A-50F.csv,luba_loops_main,906 282U 68812 1536 45 -127 397 986.RAW,3,1997,29750,main,369U,7,2,29855,main,282U,7,3,202411.595,439652.79,398.141,201251.129,439778.462,398.831,0.69,0.68812,0.00188,1167,1536,369
1284,369U,907,1.27126,1998,60,-0.81,397,986.RAW,40_lul49F-521A-50F.csv,luba_loops_main,906 907 127126 1998 60 -81 397 986.RAW,3,1997,29750,main,369U,7,2,410834,main,907,9,2,202411.595,439652.79,398.141,203704,439345,399.41,1.269,1.27126,0.00226,1329,1998,669
1285,907,378U,9.66076,611,22,-0.53,397,986.RAW,40_lul49F-521A-50F.csv,luba_loops_main,907 3481 966076 611 22 -53 397 986.RAW,3,1997,410834,main,907,9,2,29775,main,378U,7,2,203704,439345,399.41,204028.429,438318.611,409.074,9.664,9.66076,0.00324,1076,611,465
1286,370U,379U,106.90519,1769,88,1.84,797,987.RAW,40_lul49F-521A-50F.csv,luba_loops_main,910 3482 10690519 1769 88 184 797 987.RAW,7,1997,29751,main,370U,7,2,29776,main,379U,7,2,206036.573,434740.227,252.827,205489.607,435737.991,359.73,106.903,106.90519,0.00219,1138,1769,631
1287,378U,379U,-49.34778,3873,172,-3.47,797,987.RAW,40_lul49F-521A-50F.csv,luba_loops_main,3481 3482 -4934778 3873 172 -347 797 987.RAW,7,1997,29775,main,378U,7,2,29776,main,379U,7,2,204028.429,438318.611,409.074,205489.607,435737.991,359.73,-49.344,-49.34778,0.00378,2966,3873,907
1288,3639,3640,26.58132,1595,51,2.21,498,989.RAW,40_lul49F-521A-50F.csv,luba_loops_main,3639 3640 2658132 1595 51 221 498 989.RAW,4,1998,410633,main,3639,9,2,410634,main,3640,9,2,209692.3,466864.1,214.624,207542,466516,241.204,26.58,26.58132,0.00132,2178,1595,583
1289,3640,522A,18.58049,2200,73,-0.17,498,989.RAW,40_lul49F-521A-50F.csv,luba_loops_main,3640 522A 1858049 2200 73 -17 498 989.RAW,4,1998,410634,main,3640,9,2,410969,main,522A,9,2,207542,466516,241.204,205813,465692,259.786,18.582,18.58049,0.00151,1915,2200,285
1290,6210,371U,9.96953,2741,86,2.29,398,990.RAW,40_lul49F-521A-50F.csv,luba_loops_main,6210 50F 996953 2741 86 229 398 990.RAW,3,1998,411961,main,6210,9,2,29739,main,371U,7,2,208066.734,435157.593,136.042,206704.062,433065.091,146.012,9.97,9.96953,0.00047,2497,2741,244
1291,6210,3643,10.50606,2302,71,1.61,398,990.RAW,40_lul49F-521A-50F.csv,luba_loops_main,6210 3643 1050606 2302 71 161 398 990.RAW,3,1998,411961,main,6210,9,2,410637,main,3643,9,2,208066.734,435157.593,136.042,208555.1,437171.5,146.548,10.506,10.50606,6.00E-05,2072,2302,230
1292,3643,3644,4.16178,2038,51,0.79,298,990.RAW,40_lul49F-521A-50F.csv,luba_loops_main,3643 3644 416178 2038 51 79 298 990.RAW,2,1998,410637,main,3643,9,2,410638,main,3644,9,2,208555.1,437171.5,146.548,209503.5,438764.9,150.711,4.163,4.16178,0.00122,1854,2038,184
1293,3644,631U,17.64043,1910,50,1.98,298,990.RAW,40_lul49F-521A-50F.csv,luba_loops_main,3644 528A 1764043 1910 50 198 298 990.RAW,2,1998,410638,main,3644,9,2,30295,main,631U,7,2,209503.5,438764.9,150.711,210343.251,440307.509,168.352,17.641,17.64043,0.00057,1756,1910,154
1294,630U,631U,-3.61355,2423,76,-2.1,298,990.RAW,40_lul49F-521A-50F.csv,luba_loops_main,3645 528A -361355 2423 76 -210 298 990.RAW,2,1998,30294,main,630U,7,2,30295,main,631U,7,2,211741.745,441953.386,171.961,210343.251,440307.509,168.352,-3.609,-3.61355,0.00455,2160,2423,263
1295,630U,629U,23.07443,4884,161,3.22,398,990.RAW,40_lul49F-521A-50F.csv,luba_loops_main,3645 3647 2307443 4884 161 322 398 990.RAW,3,1998,30294,main,630U,7,2,30293,main,629U,7,2,211741.745,441953.386,171.961,213717.742,446117.469,195.032,23.071,23.07443,0.00343,4609,4884,275
1296,627U,629U,-26.72705,3760,118,-2.73,398,990.RAW,40_lul49F-521A-50F.csv,luba_loops_main,3648 3647 -2672705 3760 118 -273 398 990.RAW,3,1998,30291,main,627U,7,2,30293,main,629U,7,2,213226.74,449489.676,221.76,213717.742,446117.469,195.032,-26.728,-26.72705,0.00095,3408,3760,352
1297,627U,626U,12.09826,2188,80,2.03,398,990.RAW,40_lul49F-521A-50F.csv,luba_loops_main,3648 3649 1209826 2188 80 203 398 990.RAW,3,1998,30291,main,627U,7,2,30290,main,626U,7,2,213226.74,449489.676,221.76,212284.323,451329.877,233.857,12.097,12.09826,0.00126,2067,2188,121
1298,626U,625U,21.39381,2294,74,1.99,398,990.RAW,40_lul49F-521A-50F.csv,luba_loops_main,3649 530A 2139381 2294 74 199 398 990.RAW,3,1998,30290,main,626U,7,2,30289,main,625U,7,2,212284.323,451329.877,233.857,212296.898,453500.602,255.252,21.395,21.39381,0.00119,2171,2294,123
1299,624U,3652,-25.18396,4198,137,-2.97,498,990.RAW,40_lul49F-521A-50F.csv,luba_loops_main,3650 3652 -2518396 4198 137 -297 498 990.RAW,4,1998,30288,main,624U,7,2,410613,main,3652,9,2,212809.353,455371.064,224.493,213487,462013,199.307,-25.186,-25.18396,0.00204,6676,4198,2478
1300,3652,623U,-7.31817,2151,71,-1.8,398,990.RAW,40_lul49F-521A-50F.csv,luba_loops_main,3652 531A -731817 2151 71 -180 398 990.RAW,3,1998,410613,main,3652,9,2,30287,main,623U,7,2,213487,462013,199.307,212636.431,461426.43,191.99,-7.317,-7.31817,0.00117,1033,2151,1118
1301,622U,623U,-7.05837,2280,83,-1.97,398,990.RAW,40_lul49F-521A-50F.csv,luba_loops_main,3653 531A -705837 2280 83 -197 398 990.RAW,3,1998,30286,main,622U,7,2,30287,main,623U,7,2,212854.391,463609.384,199.036,212636.431,461426.43,191.99,-7.046,-7.05837,0.01237,2194,2280,86
1302,621U,622U,-0.70008,2176,57,-1.6,498,989.RAW,40_lul49F-521A-50F.csv,luba_loops_main,3654 3653 -70008 2176 57 -160 498 989.RAW,4,1998,30285,main,621U,7,2,30286,main,622U,7,2,212425.749,465664.849,199.735,212854.391,463609.384,199.036,-0.699,-0.70008,0.00108,2100,2176,76
1303,6161,522A,-3.62895,2708,75,-0.69,498,989.RAW,40_lul49F-521A-50F.csv,luba_loops_main,6161 522A -362895 2708 75 -69 498 989.RAW,4,1998,415134,main,6161,9,3,410969,main,522A,9,2,203772.61,465480.618,263.412,205813,465692,259.786,-3.626,-3.62895,0.00295,2051,2708,657
1304,6161,363U,2.63369,2615,72,0.34,498,989.RAW,40_lul49F-521A-50F.csv,luba_loops_main,6161 892 263369 2615 72 34 498 989.RAW,4,1998,415134,main,6161,9,3,29745,main,363U,7,2,203772.61,465480.618,263.412,201233.447,465378.643,266.053,2.641,2.63369,0.00731,2541,2615,74
1305,MNHA,620U,-41.00086,3148,95,-0.79,498,989.RAW,40_lul49F-521A-50F.csv,luba_loops_main,77 521A -4100086 3148 95 -79 498 989.RAW,4,1998,446826,main,MNHA,5,3,30284,main,620U,7,2,209788.137,466856.205,213.802,212616.142,467947.301,172.795,-41.007,-41.00086,0.00614,3031,3148,117
1306,3639,MNHA,-0.82124,146,6,0.19,498,989.RAW,40_lul49F-521A-50F.csv,luba_loops_main,3639 77 -82124 146 6 19 498 989.RAW,4,1998,410633,main,3639,9,2,446826,main,MNHA,5,3,209692.3,466864.1,214.624,209788.137,466856.205,213.802,-0.822,-0.82124,0.00076,96,146,50
1307,49F,363U,-9.69579,760,24,-1.09,398,990.RAW,40_lul49F-521A-50F.csv,luba_loops_main,49F 892 -969579 760 24 -109 398 990.RAW,3,1998,411135,main,49F,9,2,29745,main,363U,7,2,201655.006,464918.564,275.738,201233.447,465378.643,266.053,-9.685,-9.69579,0.01079,624,760,136
1308,52F,377U,-0.01167,25,2,-0.01,597,986.RAW,41_lul50F-15F-282U.csv,luba_loops_main,52F 15F -1167 25 2 -1 597 986.RAW,5,1997,415063,main,52F,9,3,29942,main,377U,7,2,195554,384853,12.93,195113.441,384996.784,12.918,-0.012,-0.01167,0.00033,463,25,438
1309,133U,134U,6.06381,1733,46,1.69,797,987.RAW,41_lul50F-15F-282U.csv,luba_loops_main,133U 134U 606381 1733 46 169 797 987.RAW,7,1997,29924,main,133U,7,3,29925,main,134U,7,3,199367.271,439435.605,401.02,198387.843,438301.012,407.085,6.065,6.06381,0.00119,1499,1733,234
1310,133U,282U,-2.18694,2120,59,-1.51,597,986.RAW,41_lul50F-15F-282U.csv,luba_loops_main,133U 282U -218694 2120 59 -151 597 986.RAW,5,1997,29924,main,133U,7,3,29855,main,282U,7,3,199367.271,439435.605,401.02,201251.129,439778.462,398.831,-2.189,-2.18694,0.00206,1915,2120,205
1311,134U,135U,-1.60507,1895,52,-0.54,697,987.RAW,41_lul50F-15F-282U.csv,luba_loops_main,134U 135U -160507 1895 52 -54 697 987.RAW,6,1997,29925,main,134U,7,3,415122,main,135U,9,3,198387.843,438301.012,407.085,197334,436877,405.482,-1.603,-1.60507,0.00207,1772,1895,123
1312,135U,137U,0.96502,241,10,0.04,697,987.RAW,41_lul50F-15F-282U.csv,luba_loops_main,135U 137U 96502 241 10 4 697 987.RAW,6,1997,415122,main,135U,9,3,29926,main,137U,7,3,197334,436877,405.482,197434.949,436712.872,406.448,0.966,0.96502,0.00098,193,241,48
1313,136U,138U,23.24382,1858,57,-1.66,797,987.RAW,41_lul50F-15F-282U.csv,luba_loops_main,136U 138U 2324382 1858 57 -166 797 987.RAW,7,1997,415123,main,136U,9,3,415124,main,138U,9,3,197518,436895,410.599,196250,435670,433.845,23.246,23.24382,0.00218,1763,1858,95
1314,137U,136U,4.1516,213,9,-0.54,797,987.RAW,41_lul50F-15F-282U.csv,luba_loops_main,137U 136U 415160 213 9 -54 797 987.RAW,7,1997,29926,main,137U,7,3,415123,main,136U,9,3,197434.949,436712.872,406.448,197518,436895,410.599,4.151,4.1516,0.0006,200,213,13
1315,138U,140U,4.01352,288,12,0.1,697,987.RAW,41_lul50F-15F-282U.csv,luba_loops_main,138U 140U 401352 288 12 10 697 987.RAW,6,1997,415124,main,138U,9,3,29927,main,140U,7,3,196250,435670,433.845,196080.049,435692.199,437.859,4.014,4.01352,0.00048,171,288,117
1316,139U,140U,1.16839,86,3,-0.38,797,987.RAW,41_lul50F-15F-282U.csv,luba_loops_main,139U 140U 116839 86 3 -38 797 987.RAW,7,1997,415125,main,139U,9,3,29927,main,140U,7,3,196160,435730,436.691,196080.049,435692.199,437.859,1.168,1.16839,0.00039,88,86,2
1317,141U,139U,-25.78406,2223,66,-1.9,797,987.RAW,41_lul50F-15F-282U.csv,luba_loops_main,141U 139U -2578406 2223 66 -190 797 987.RAW,7,1997,29928,main,141U,7,3,415125,main,139U,9,3,194692.868,434629.457,462.477,196160,435730,436.691,-25.786,-25.78406,0.00194,1834,2223,389
1318,141U,142U,-9.04728,1984,54,1.7,797,987.RAW,41_lul50F-15F-282U.csv,luba_loops_main,141U 142U -904728 1984 54 170 797 987.RAW,7,1997,29928,main,141U,7,3,29929,main,142U,7,3,194692.868,434629.457,462.477,193676.182,433076.349,453.432,-9.045,-9.04728,0.00228,1856,1984,128
1319,143U,142U,9.47051,1804,49,-1.66,797,987.RAW,41_lul50F-15F-282U.csv,luba_loops_main,143U 142U 947051 1804 49 -166 797 987.RAW,7,1997,29930,main,143U,7,3,29929,main,142U,7,3,193225.663,431396.253,443.963,193676.182,433076.349,453.432,9.469,9.47051,0.00151,1739,1804,65
1320,144U,145U,-1.83381,128,4,0.15,797,987.RAW,41_lul50F-15F-282U.csv,luba_loops_main,144U 145U -183381 128 4 15 797 987.RAW,7,1997,415126,main,144U,9,3,415127,main,145U,9,3,192350,429865,454.876,192470,429860,453.042,-1.834,-1.83381,0.00019,120,128,8
1321,145U,143U,-9.07695,1842,47,1.74,797,987.RAW,41_lul50F-15F-282U.csv,luba_loops_main,145U 143U -907695 1842 47 174 797 987.RAW,7,1997,415127,main,145U,9,3,29930,main,143U,7,3,192470,429860,453.042,193225.663,431396.253,443.963,-9.079,-9.07695,0.00205,1712,1842,130
1322,146U,144U,1.92638,98,3,-0.06,797,987.RAW,41_lul50F-15F-282U.csv,luba_loops_main,146U 144U 192638 98 3 -6 797 987.RAW,7,1997,29931,main,146U,7,3,415126,main,144U,9,3,192399.43,429825.734,452.95,192350,429865,454.876,1.926,1.92638,0.00038,63,98,35
1323,147U,146U,0.08541,1753,49,-1.93,797,987.RAW,41_lul50F-15F-282U.csv,luba_loops_main,147U 146U 8541 1753 49 -193 797 987.RAW,7,1997,29932,main,147U,7,3,29931,main,146U,7,3,191500.018,428460.833,452.866,192399.43,429825.734,452.95,0.084,0.08541,0.00141,1635,1753,118
1324,147U,149U,35.39235,3629,93,-1.95,797,987.RAW,41_lul50F-15F-282U.csv,luba_loops_main,147U 149U 3539235 3629 93 -195 797 987.RAW,7,1997,29932,main,147U,7,3,29934,main,149U,7,3,191500.018,428460.833,452.866,189054.599,426020.294,488.262,35.396,35.39235,0.00365,3455,3629,174
1325,149U,150U,21.40645,1686,50,1.5,797,987.RAW,41_lul50F-15F-282U.csv,luba_loops_main,149U 150U 2140645 1686 50 150 797 987.RAW,7,1997,29934,main,149U,7,3,29935,main,150U,7,3,189054.599,426020.294,488.262,187896.45,424921.246,509.67,21.408,21.40645,0.00155,1597,1686,89
1326,150U,151U,20.93561,1767,48,-1.86,797,987.RAW,41_lul50F-15F-282U.csv,luba_loops_main,150U 151U 2093561 1767 48 -186 797 987.RAW,7,1997,29935,main,150U,7,3,29936,main,151U,7,3,187896.45,424921.246,509.67,186502.641,423996.587,530.608,20.938,20.93561,0.00239,1673,1767,94
1327,152U,154U,1.39614,94,4,0.08,797,987.RAW,41_lul50F-15F-282U.csv,luba_loops_main,152U 154U 139614 94 4 8 797 987.RAW,7,1997,29937,main,152U,7,3,415121,main,154U,9,3,186086.448,423049.612,540.897,186000,423050,542.293,1.396,1.39614,0.00014,86,94,8
1328,153U,151U,-11.97028,1101,32,1.5,797,987.RAW,41_lul50F-15F-282U.csv,luba_loops_main,153U 151U -1197028 1101 32 150 797 987.RAW,7,1997,415120,main,153U,9,3,29936,main,151U,7,3,186450,423960,542.579,186502.641,423996.587,530.608,-11.971,-11.97028,0.00072,64,1101,1037
1329,154U,153U,0.28639,78,4,0.1,797,987.RAW,41_lul50F-15F-282U.csv,luba_loops_main,154U 153U 28639 78 4 10 797 987.RAW,7,1997,415121,main,154U,9,3,415120,main,153U,9,3,186000,423050,542.293,186450,423960,542.579,0.286,0.28639,0.00039,1015,78,937
1330,155U,152U,8.09917,1945,61,0.41,697,987.RAW,41_lul50F-15F-282U.csv,luba_loops_main,155U 152U 809917 1945 61 41 697 987.RAW,6,1997,29938,main,155U,7,3,29937,main,152U,7,3,185343.031,421342.722,532.8,186086.448,423049.612,540.897,8.097,8.09917,0.00217,1862,1945,83
1331,156U,155U,-19.4817,1919,61,0.76,697,987.RAW,41_lul50F-15F-282U.csv,luba_loops_main,156U 155U -1948170 1919 61 76 697 987.RAW,6,1997,29939,main,156U,7,3,29938,main,155U,7,3,185111.721,419602.335,552.283,185343.031,421342.722,532.8,-19.483,-19.4817,0.0013,1756,1919,163
1332,158U,160U,-1.43868,184,6,0.38,697,987.RAW,41_lul50F-15F-282U.csv,luba_loops_main,158U 160U -143868 184 6 38 697 987.RAW,6,1997,29941,main,158U,7,3,415129,main,160U,9,3,184074.372,417292.182,600.331,184070,417450,598.892,-1.439,-1.43868,0.00032,158,184,26
1333,159U,157U,-1.34153,729,22,-0.89,697,987.RAW,41_lul50F-15F-282U.csv,luba_loops_main,159U 157U -134153 729 22 -89 697 987.RAW,6,1997,415128,main,159U,9,3,29940,main,157U,7,3,184150,417100,596.154,184204.712,417858.327,594.811,-1.343,-1.34153,0.00147,760,729,31
1334,160U,159U,-2.73881,88,4,-0.17,697,987.RAW,41_lul50F-15F-282U.csv,luba_loops_main,160U 159U -273881 88 4 -17 697 987.RAW,6,1997,415129,main,160U,9,3,415128,main,159U,9,3,184070,417450,598.892,184150,417100,596.154,-2.738,-2.73881,0.00081,359,88,271
1335,181U,158U,-27.20464,1911,68,-1.41,697,987.RAW,41_lul50F-15F-282U.csv,luba_loops_main,181U 158U -2720464 1911 68 -141 697 987.RAW,6,1997,29895,main,181U,7,3,29941,main,158U,7,3,183894.502,415534.725,627.538,184074.372,417292.182,600.331,-27.207,-27.20464,0.00236,1767,1911,144
1336,181U,182U,16.33162,2214,69,1.78,697,987.RAW,41_lul50F-15F-282U.csv,luba_loops_main,181U 182U 1633162 2214 69 178 697 987.RAW,6,1997,29895,main,181U,7,3,29896,main,182U,7,3,183894.502,415534.725,627.538,184604.793,413847.989,643.872,16.334,16.33162,0.00238,1830,2214,384
1337,183U,182U,-25.42703,1828,61,-1.53,697,987.RAW,41_lul50F-15F-282U.csv,luba_loops_main,183U 182U -2542703 1828 61 -153 697 987.RAW,6,1997,29897,main,183U,7,3,29896,main,182U,7,3,184950.672,412163.556,669.301,184604.793,413847.989,643.872,-25.429,-25.42703,0.00197,1720,1828,108
1338,184U,183U,-9.66122,1867,64,1.8,697,987.RAW,41_lul50F-15F-282U.csv,luba_loops_main,184U 183U -966122 1867 64 180 697 987.RAW,6,1997,29898,main,184U,7,3,29897,main,183U,7,3,185763.241,410601.296,678.964,184950.672,412163.556,669.301,-9.663,-9.66122,0.00178,1761,1867,106
1339,185U,184U,-21.45644,1927,51,1.16,697,987.RAW,41_lul50F-15F-282U.csv,luba_loops_main,185U 184U -2145644 1927 51 116 697 987.RAW,6,1997,29899,main,185U,7,3,29898,main,184U,7,3,186705.85,409031.71,700.422,185763.241,410601.296,678.964,-21.458,-21.45644,0.00156,1831,1927,96
1340,186U,185U,-68.95503,1948,69,-1.56,797,987.RAW,41_lul50F-15F-282U.csv,luba_loops_main,186U 185U -6895503 1948 69 -156 797 987.RAW,7,1997,29900,main,186U,7,3,29899,main,185U,7,3,186386.419,407226.565,769.379,186705.85,409031.71,700.422,-68.957,-68.95503,0.00197,1833,1948,115
1341,187U,186U,-34.51097,1802,58,-0.89,697,987.RAW,41_lul50F-15F-282U.csv,luba_loops_main,187U 186U -3451097 1802 58 -89 697 987.RAW,6,1997,29901,main,187U,7,3,29900,main,186U,7,3,185562.456,405886.99,803.892,186386.419,407226.565,769.379,-34.513,-34.51097,0.00203,1573,1802,229
1342,188U,187U,10.29374,1916,54,1.66,697,987.RAW,41_lul50F-15F-282U.csv,luba_loops_main,188U 187U 1029374 1916 54 166 697 987.RAW,6,1997,29902,main,188U,7,3,29901,main,187U,7,3,185483.72,404153.071,793.6,185562.456,405886.99,803.892,10.292,10.29374,0.00174,1736,1916,180
1343,189U,188U,11.24584,1788,65,-1.27,697,987.RAW,41_lul50F-15F-282U.csv,luba_loops_main,189U 188U 1124584 1788 65 -127 697 987.RAW,6,1997,29903,main,189U,7,3,29902,main,188U,7,3,185718.752,402594.08,782.356,185483.72,404153.071,793.6,11.244,11.24584,0.00184,1577,1788,211
1344,189U,190U,-11.83231,1905,52,1.35,697,987.RAW,41_lul50F-15F-282U.csv,luba_loops_main,189U 190U -1183231 1905 52 135 697 987.RAW,6,1997,29903,main,189U,7,3,29904,main,190U,7,3,185718.752,402594.08,782.356,185938.627,400827.179,770.526,-11.83,-11.83231,0.00231,1781,1905,124
1345,191U,190U,68.28253,1825,89,-1.04,697,987.RAW,41_lul50F-15F-282U.csv,luba_loops_main,191U 190U 6828253 1825 89 -104 697 987.RAW,6,1997,29905,main,191U,7,3,29904,main,190U,7,3,186599.969,399319.221,702.245,185938.627,400827.179,770.526,68.281,68.28253,0.00153,1647,1825,178
1346,192U,193U,-5.27127,1403,40,0.14,697,987.RAW,41_lul50F-15F-282U.csv,luba_loops_main,192U 193U -527127 1403 40 14 697 987.RAW,6,1997,29906,main,192U,7,3,29907,main,193U,7,3,187139.762,397430.46,759.097,187764.691,396334.902,753.827,-5.27,-5.27127,0.00127,1261,1403,142
1347,194U,193U,-42.88321,1952,65,0.26,597,987.RAW,41_lul50F-15F-282U.csv,luba_loops_main,194U 193U -4288321 1952 65 26 597 987.RAW,5,1997,29908,main,194U,7,3,29907,main,193U,7,3,188080.884,394693.545,796.712,187764.691,396334.902,753.827,-42.885,-42.88321,0.00179,1672,1952,280
1348,195U,194U,54.85243,1990,68,0.45,597,987.RAW,41_lul50F-15F-282U.csv,luba_loops_main,195U 194U 5485243 1990 68 45 597 987.RAW,5,1997,29909,main,195U,7,3,29908,main,194U,7,3,187934.516,392849.726,741.862,188080.884,394693.545,796.712,54.85,54.85243,0.00243,1850,1990,140
1349,196U,195U,83.43563,2120,89,-1.21,597,987.RAW,41_lul50F-15F-282U.csv,luba_loops_main,196U 195U 8343563 2120 89 -121 597 987.RAW,5,1997,29910,main,196U,7,3,29909,main,195U,7,3,187333.84,390990.154,658.428,187934.516,392849.726,741.862,83.434,83.43563,0.00163,1954,2120,166
1350,197U,196U,-12.38434,1991,91,-2.08,297,987.RAW,41_lul50F-15F-282U.csv,luba_loops_main,197U 196U -1238434 1991 91 -208 297 987.RAW,2,1997,29911,main,197U,7,3,29910,main,196U,7,3,187530.541,389530.971,670.815,187333.84,390990.154,658.428,-12.387,-12.38434,0.00266,1472,1991,519
1351,199U,198U,167.97979,1842,137,-1.73,597,987.RAW,41_lul50F-15F-282U.csv,luba_loops_main,199U 198U 16797979 1842 137 -173 597 987.RAW,5,1997,29913,main,199U,7,3,29912,main,198U,7,3,188899.123,387188.881,389.753,188630.365,388315.741,557.731,167.978,167.97979,0.00179,1158,1842,684
1352,200U,199U,43.49327,2043,80,-1.18,697,987.RAW,41_lul50F-15F-282U.csv,luba_loops_main,200U 199U 4349327 2043 80 -118 697 987.RAW,6,1997,29914,main,200U,7,3,29913,main,199U,7,3,190249.882,385891.64,346.262,188899.123,387188.881,389.753,43.491,43.49327,0.00227,1873,2043,170
1353,201U,377U,-193.47601,3510,167,-1.45,797,987.RAW,41_lul50F-15F-282U.csv,luba_loops_main,201U 15F -19347601 3510 167 -145 797 987.RAW,7,1997,29915,main,201U,7,3,29942,main,377U,7,2,191918.948,385318.425,206.39,195113.441,384996.784,12.918,-193.472,-193.47601,0.00401,3211,3510,299
1354,283U,371U,44.75721,2372,63,-0.35,297,986.RAW,41_lul50F-15F-282U.csv,luba_loops_main,283U 50F 4475721 2372 63 -35 297 986.RAW,2,1997,29788,main,283U,7,3,29739,main,371U,7,2,205979.849,431168.206,101.254,206704.062,433065.091,146.012,44.758,44.75721,0.00079,2030,2372,342
1355,283U,284U,-0.29676,2234,50,0.65,297,986.RAW,41_lul50F-15F-282U.csv,luba_loops_main,283U 284U -29676 2234 50 65 297 986.RAW,2,1997,29788,main,283U,7,3,29789,main,284U,7,3,205979.849,431168.206,101.254,205560.457,429127.875,100.957,-0.297,-0.29676,0.00024,2083,2234,151
1356,284U,285U,-1.89624,2650,66,0.62,297,986.RAW,41_lul50F-15F-282U.csv,luba_loops_main,284U 285U -189624 2650 66 62 297 986.RAW,2,1997,29789,main,284U,7,3,29790,main,285U,7,3,205560.457,429127.875,100.957,205702.525,426604.526,99.06,-1.897,-1.89624,0.00076,2527,2650,123
1357,285U,3492,-3.77787,103,4,-0.08,297,986.RAW,41_lul50F-15F-282U.csv,luba_loops_main,285U 3492 -377787 103 4 -8 297 986.RAW,2,1997,29790,main,285U,7,3,415056,main,3492,9,2,205702.525,426604.526,99.06,205778.7,426609.9,95.282,-3.778,-3.77787,0.00013,76,103,27
1358,291U,290U,2.81902,2377,52,0.79,297,986.RAW,41_lul50F-15F-282U.csv,luba_loops_main,291U 290U 281902 2377 52 79 297 986.RAW,2,1997,29794,main,291U,7,3,29793,main,290U,7,3,203076.713,419297.911,65.189,203936.622,421417.136,68.006,2.817,2.81902,0.00202,2287,2377,90
1359,291U,292U,-2.38967,1713,42,-0.32,297,986.RAW,41_lul50F-15F-282U.csv,luba_loops_main,291U 292U -238967 1713 42 -32 297 986.RAW,2,1997,29794,main,291U,7,3,29795,main,292U,7,3,203076.713,419297.911,65.189,202414.575,417737.42,62.8,-2.389,-2.38967,0.00067,1695,1713,18
1360,293U,294U,-14.68592,1557,35,-1.33,397,986.RAW,41_lul50F-15F-282U.csv,luba_loops_main,293U 294U -1468592 1557 35 -133 397 986.RAW,3,1997,29796,main,293U,7,3,29797,main,294U,7,3,201566.391,410681.249,91.753,201256.682,409159.087,77.074,-14.679,-14.68592,0.00692,1553,1557,4
1361,294U,295U,32.80257,1891,59,-1.2,397,986.RAW,41_lul50F-15F-282U.csv,luba_loops_main,294U 295U 3280257 1891 59 -120 397 986.RAW,3,1997,29797,main,294U,7,3,29798,main,295U,7,5,201256.682,409159.087,77.074,200033.49,408254.929,109.87,32.796,32.80257,0.00657,1521,1891,370
1362,295U,296U,16.1988,3587,94,1.7,997,986.RAW,41_lul50F-15F-282U.csv,luba_loops_main,295U 296U 1619880 3587 94 170 997 986.RAW,9,1997,29798,main,295U,7,5,29799,main,296U,7,3,200033.49,408254.929,109.87,198621.455,405872.222,126.062,16.192,16.1988,0.0068,2770,3587,817
1363,295U,3500,-1.21139,78,2,0.21,397,986.RAW,41_lul50F-15F-282U.csv,luba_loops_main,295U 3500 -121139 78 2 21 397 986.RAW,3,1997,29798,main,295U,7,5,415020,main,3500,9,2,200033.49,408254.929,109.87,200057.3,408322.7,108.659,-1.211,-1.21139,0.00039,72,78,6
1364,296U,3607,0.26239,23,1,-0.09,897,986.RAW,41_lul50F-15F-282U.csv,luba_loops_main,296U 3607 26239 23 1 -9 897 986.RAW,8,1997,29799,main,296U,7,3,415027,main,3607,9,2,198621.455,405872.222,126.062,198746,405456,126.324,0.262,0.26239,0.00039,434,23,411
1365,297U,3602,-0.6368,32,1,0.03,397,986.RAW,41_lul50F-15F-282U.csv,luba_loops_main,297U 3602 -63680 32 1 3 397 986.RAW,3,1997,29800,main,297U,7,3,415022,main,3602,9,2,198905.034,398540.929,46.243,199039,399137,45.606,-0.637,-0.6368,0.0002,611,32,579
1366,298U,297U,3.78605,2630,70,-2.55,397,986.RAW,41_lul50F-15F-282U.csv,luba_loops_main,298U 297U 378605 2630 70 -255 397 986.RAW,3,1997,29801,main,298U,7,3,29800,main,297U,7,3,199041.463,395939.091,42.458,198905.034,398540.929,46.243,3.785,3.78605,0.00105,2605,2630,25
1367,298U,374U,-15.24474,3606,104,-3.1,397,986.RAW,41_lul50F-15F-282U.csv,luba_loops_main,298U 934 -1524474 3606 104 -310 397 986.RAW,3,1997,29801,main,298U,7,3,30276,main,374U,7,2,199041.463,395939.091,42.458,198686.849,392615.18,27.209,-15.249,-15.24474,0.00426,3343,3606,263
1368,299U,300U,5.78781,2493,52,-3.17,297,986.RAW,41_lul50F-15F-282U.csv,luba_loops_main,299U 300U 578781 2493 52 -317 297 986.RAW,2,1997,29802,main,299U,7,3,29803,main,300U,7,3,198680.487,391703.517,17.465,197675.148,389551.485,23.257,5.792,5.78781,0.00419,2375,2493,118
1369,300U,3605,0.32125,75,2,-0.12,497,986.RAW,41_lul50F-15F-282U.csv,luba_loops_main,300U 3605 32125 75 2 -12 497 986.RAW,4,1997,29803,main,300U,7,3,415025,main,3605,9,2,197675.148,389551.485,23.257,197703,389807,23.578,0.321,0.32125,0.00025,257,75,182
1370,288U,292U,-6.89346,2145,50,0.2,297,986.RAW,41_lul50F-15F-282U.csv,luba_loops_main,921 292U -689346 2145 50 20 297 986.RAW,2,1997,30275,main,288U,7,3,29795,main,292U,7,3,202847.746,415662.944,69.694,202414.575,417737.42,62.8,-6.894,-6.89346,0.00054,2119,2145,26
1371,372U,296U,-4.94113,1967,53,-1.13,897,986.RAW,41_lul50F-15F-282U.csv,luba_loops_main,928 296U -494113 1967 53 -113 897 986.RAW,8,1997,29752,main,372U,7,2,29799,main,296U,7,3,198589.606,403934.815,131.006,198621.455,405872.222,126.062,-4.944,-4.94113,0.00287,1938,1967,29
1372,373U,297U,-5.6391,1755,49,-1.64,397,986.RAW,41_lul50F-15F-282U.csv,luba_loops_main,930 297U -563910 1755 49 -164 397 986.RAW,3,1997,29753,main,373U,7,2,29800,main,297U,7,3,198835.208,400266.54,51.878,198905.034,398540.929,46.243,-5.635,-5.6391,0.0041,1727,1755,28
1373,374U,299U,-9.74556,954,24,-0.82,397,986.RAW,41_lul50F-15F-282U.csv,luba_loops_main,934 299U -974556 954 24 -82 397 986.RAW,3,1997,30276,main,374U,7,2,29802,main,299U,7,3,198686.849,392615.18,27.209,198680.487,391703.517,17.465,-9.744,-9.74556,0.00156,912,954,42
1374,3493,3492,17.82222,1815,60,1.23,297,986.RAW,41_lul50F-15F-282U.csv,luba_loops_main,3493 3492 1782222 1815 60 123 297 986.RAW,2,1997,415057,main,3493,9,3,415056,main,3492,9,2,206107,424898,77.461,205778.7,426609.9,95.282,17.821,17.82222,0.00122,1743,1815,72
1375,3499,294U,-0.26234,24,1,0.13,397,986.RAW,41_lul50F-15F-282U.csv,luba_loops_main,3499 294U -26234 24 1 13 397 986.RAW,3,1997,415019,main,3499,9,2,29797,main,294U,7,3,200989,409440,77.337,201256.682,409159.087,77.074,-0.263,-0.26234,0.00066,388,24,364
1376,3603,298U,-0.3036,39,1,-0.04,397,986.RAW,41_lul50F-15F-282U.csv,luba_loops_main,3603 298U -30360 39 1 -4 397 986.RAW,3,1997,415023,main,3603,9,2,29801,main,298U,7,3,199107,395894,42.762,199041.463,395939.091,42.458,-0.304,-0.3036,0.0004,80,39,41
1377,376U,52F,-7.51855,2233,60,1.22,597,986.RAW,41_lul50F-15F-282U.csv,luba_loops_main,3829B 52F -751855 2233 60 122 597 986.RAW,5,1997,29729,main,376U,7,3,415063,main,52F,9,3,196152.843,386846.108,20.449,195554,384853,12.93,-7.519,-7.51855,0.00045,2081,2233,152
1378,375U,300U,-19.05254,2217,65,0.54,497,986.RAW,41_lul50F-15F-282U.csv,luba_loops_main,3831B 300U -1905254 2217 65 54 497 986.RAW,4,1997,29730,main,375U,7,3,29803,main,300U,7,3,196632.626,388067.174,42.309,197675.148,389551.485,23.257,-19.052,-19.05254,0.00054,1814,2217,403
1379,375U,376U,-21.85971,1422,43,-1.16,597,986.RAW,41_lul50F-15F-282U.csv,luba_loops_main,3831B 3829B -2185971 1422 43 -116 597 986.RAW,5,1997,29730,main,375U,7,3,29729,main,376U,7,3,196632.626,388067.174,42.309,196152.843,386846.108,20.449,-21.86,-21.85971,0.00029,1312,1422,110
1380,191U,192U,56.84928,2084,59,-2.01,597,986.RAW,41_lul50F-15F-282U.csv,luba_loops_main,191U 192U 5684928 2084 59 -201 597 986.RAW,5,1997,29905,main,191U,7,3,29906,main,192U,7,3,186599.969,399319.221,702.245,187139.762,397430.46,759.097,56.852,56.84928,0.00272,1964,2084,120
1381,156U,157U,42.5259,2141,62,-0.41,697,986.RAW,41_lul50F-15F-282U.csv,luba_loops_main,156U 157U 4252590 2141 62 -41 697 986.RAW,6,1997,29939,main,156U,7,3,29940,main,157U,7,3,185111.721,419602.335,552.283,184204.712,417858.327,594.811,42.528,42.5259,0.0021,1966,2141,175
1382,290U,3493,9.45684,4577,136,3.08,897,987.RAW,41_lul50F-15F-282U.csv,luba_loops_main,290U 3493 945684 4577 136 308 897 987.RAW,8,1997,29793,main,290U,7,3,415057,main,3493,9,3,203936.622,421417.136,68.006,206107,424898,77.461,9.455,9.45684,0.00184,4102,4577,475
1383,293U,288U,-22.05537,5311,123,-1.41,797,987.RAW,41_lul50F-15F-282U.csv,luba_loops_main,293U 921 -2205537 5311 123 -141 797 987.RAW,7,1997,29796,main,293U,7,3,30275,main,288U,7,3,201566.391,410681.249,91.753,202847.746,415662.944,69.694,-22.059,-22.05537,0.00363,5144,5311,167
1384,471A,293U,-0.86164,39,1,0.4,797,987.RAW,41_lul50F-15F-282U.csv,luba_loops_main,471A 293U -86164 39 1 40 797 987.RAW,7,1997,415068,main,471A,9,2,29796,main,293U,7,3,201502,410793,92.614,201566.391,410681.249,91.753,-0.861,-0.86164,0.00064,129,39,90
1385,372U,476A,-68.19388,3103,92,-2.03,897,987.RAW,41_lul50F-15F-282U.csv,luba_loops_main,928 476A -6819388 3103 92 -203 897 987.RAW,8,1997,29752,main,372U,7,2,415071,main,476A,9,3,198589.606,403934.815,131.006,198819,401389,62.812,-68.194,-68.19388,0.00012,2556,3103,547
1386,476A,373U,-10.93406,674,20,-0.42,897,987.RAW,41_lul50F-15F-282U.csv,luba_loops_main,476A 930 -1093406 674 20 -42 897 987.RAW,8,1997,415071,main,476A,9,3,29753,main,373U,7,2,198819,401389,62.812,198835.208,400266.54,51.878,-10.934,-10.93406,6.00E-05,1123,674,449
1387,201U,200U,139.87348,1973,121,-1.59,597,986.RAW,41_lul50F-15F-282U.csv,luba_loops_main,201U 200U 13987348 1973 121 -159 597 986.RAW,5,1997,29915,main,201U,7,3,29914,main,200U,7,3,191918.948,385318.425,206.39,190249.882,385891.64,346.262,139.872,139.87348,0.00148,1765,1973,208
1388,469A,290U,-0.8774,104,4,0.11,297,987.RAW,41_lul50F-15F-282U.csv,luba_loops_main,469A 290U -87740 104 4 11 297 987.RAW,2,1997,415066,main,469A,9,3,29793,main,290U,7,3,204006,421495,68.884,203936.622,421417.136,68.006,-0.878,-0.8774,0.0006,104,104,0
1389,919,291U,-3.3641,206,6,0.11,297,987.RAW,41_lul50F-15F-282U.csv,luba_loops_main,919 291U -336410 206 6 11 297 987.RAW,2,1997,415080,main,919,9,3,29794,main,291U,7,3,203114,419050,68.553,203076.713,419297.911,65.189,-3.364,-3.3641,0.0001,251,206,45
1390,292U,3496,1.22608,376,11,-0.18,297,987.RAW,41_lul50F-15F-282U.csv,luba_loops_main,292U 3496 122608 376 11 -18 297 987.RAW,2,1997,29795,main,292U,7,3,415060,main,3496,9,3,202414.575,417737.42,62.8,202208,417995,64.026,1.226,1.22608,8.00E-05,330,376,46
1391,198U,197U,113.08577,1929,113,1.41,597,986.RAW,41_lul50F-15F-282U.csv,luba_loops_main,198U 197U 11308577 1929 113 141 597 986.RAW,5,1997,29912,main,198U,7,3,29911,main,197U,7,3,188630.365,388315.741,557.731,187530.541,389530.971,670.815,113.084,113.08577,0.00177,1639,1929,290
1571,377U,80bn,-7.62696,700,11,-1.02,761,441,K49F-81BN.01.csv,other,15F 80BN - 762696 0700 11 -102 0761 441,7,1961,29942,main,377U,7,2,415064,main,80bn,9,4,195113.441,384996.784,12.918,195004,384694,5.291,-7.627,-7.62696,4.00E-05,322,700,378
1572,80bn,81bn,-3.45695,400,7,0.19,761,441,K49F-81BN.01.csv,other,80BN 81BN - 345695 0400 7 019 0761 441,7,1961,415064,main,80bn,9,4,415065,main,81bn,9,4,195004,384694,5.291,194650,384194,1.83,-3.461,-3.45695,0.00405,613,400,213
1573,3MR,81bn,-1.7524,15,1,-0.15,761,441,K49F-81BN.01.csv,other,3MR 81BN - 175240 0015 1 -015 0761 441,7,1961,415062,main,3MR,9,3,415065,main,81bn,9,4,194600,384200,3.552,194650,384194,1.83,-1.722,-1.7524,0.0304,50,15,35
342,4187MPI,164U,2.51302,1889,34,0,517,965.raw,3707,external,4187MPI 164U 2.51302 1889. 34 0.00 0517 965.raw,5,2017,542545,main,4187MPI,2,0,29946,main,164U,7,0,180838,419655,0,180389.658,421378.652,0,0,2.51302,0,1781,1889,108
343,164U,166U,-19.66106,3468,70,1.5,517,965.raw,3707,external,164U 166U -19.66106 3468. 70 1.50 0517 965.raw,5,2017,29946,main,164U,7,0,29948,main,166U,7,0,180389.658,421378.652,0,179308.328,424511.917,0,0,-19.66106,0,3315,3468,153
344,HARI,221U,-28.07772,2493,40,0.75,517,965.raw,3707,external,HARI 221U -28.07772 2493. 40 0.75 0517 965.raw,5,2017,446803,main,HARI,5,0,29865,main,221U,7,0,156882.261,491079.304,0,155459.938,492134.722,0,0,-28.07772,0,1771,2493,722
345,221U,222U,-20.5325,2583,64,3.28,517,965.raw,3707,external,221U 222U -20.53250 2583. 64 3.28 0517 965.raw,5,2017,29865,main,221U,7,0,29866,main,222U,7,0,155459.938,492134.722,0,153907.721,493952.58,0,0,-20.5325,0,2390,2583,193
346,227U,226U,108.75137,2055,72,0.36,816,965.raw,3707,external,227U 226U 108.75137 2055. 72 0.36 0816 965.raw,8,2016,29871,main,227U,7,0,29870,main,226U,7,0,154822.992,502102.51,0,154932.37,500948.038,0,0,108.75137,0,1160,2055,895
347,226U,BARN,58.34949,1536,51,1.22,517,965.raw,3707,external,226U BARN 58.34949 1536. 51 1.22 0517 965.raw,5,2017,29870,main,226U,7,0,446765,main,BARN,5,0,154932.37,500948.038,0,155889.719,500181.126,0,0,58.34949,0,1227,1536,309
348,NIZA,243U,-12.8642,3312,60,1.08,517,965.raw,3707,external,NIZA 243U -12.86420 3312. 60 1.08 0517 965.raw,5,2017,446837,main,NIZA,5,0,29887,main,243U,7,0,144715.653,530925.025,0,142902.594,530893.099,0,0,-12.8642,0,1813,3312,1499
349,243U,244U,-37.12437,1975,44,0.24,517,965.raw,3707,external,243U 244U -37.12437 1975. 44 0.24 0517 965.raw,5,2017,29887,main,243U,7,0,29888,main,244U,7,0,142902.594,530893.099,0,142067.744,532593.598,228.36,0,-37.12437,0,1894,1975,81
350,4159MPI,161U,62.23048,2011,58,-0.97,517,965.raw,3707,external,4159MPI 161U 62.23048 2011. 58 -0.97 0517 965.raw,5,2017,542535,main,4159MPI,2,0,29943,main,161U,7,0,184029,417260,0,182525.353,417444.749,0,0,62.23048,0,1515,2011,496
351,4186MPI,166U,23.33997,1938,34,0.66,517,965.raw,3707,external,4186MPI 166U 23.33997 1938. 34 0.66 0517 965.raw,5,2017,542544,main,4186MPI,2,0,29948,main,166U,7,0,178654,426158,0,179308.328,424511.917,0,0,23.33997,0,1771,1938,167
352,4182MPI,172U,13.33571,2165,44,0.58,517,965.raw,3707,external,4182MPI 172U 13.33571 2165. 44 0.58 0517 965.raw,5,2017,542540,main,4182MPI,2,0,29954,main,172U,7,0,175507,436659,0,176262.092,434682.424,0,0,13.33571,0,2116,2165,49
353,4183MPI,172U,3.91571,1998,36,2.91,517,965.raw,3707,external,4183MPI 172U 3.91571 1998. 36 2.91 0517 965.raw,5,2017,542541,main,4183MPI,2,0,29954,main,172U,7,0,176572,433030,0,176262.092,434682.424,0,0,3.91571,0,1681,1998,317
354,4181MPI,176U,-23.18301,3448,64,2.16,517,965.raw,3707,external,4181MPI 176U -23.18301 3448. 64 2.16 0517 965.raw,5,2017,542539,main,4181MPI,2,0,29890,main,176U,7,0,174947,438273,0,173938.488,441376.825,0,0,-23.18301,0,3264,3448,184
355,4180MPI,180U,-14.16108,2168,38,-0.38,517,965.raw,3707,external,4180MPI 180U -14.16108 2168. 38 -0.38 0517 965.raw,5,2017,542538,main,4180MPI,2,0,29894,main,180U,7,0,173350,446107,0,172729.068,448055.654,0,0,-14.16108,0,2045,2168,123
356,246U,219U,3.07559,122,4,0.58,916,965.raw,3707,external,246U 219U 3.07559 122. 4 0.58 0916 965.raw,9,2016,29889,main,246U,7,0,29863,main,219U,7,0,158118.294,489812.678,0,158197.077,489872.569,0,0,3.07559,0,99,122,23
357,220U,219U,-7.38002,1718,42,0.22,517,965.raw,3707,external,220U 219U -7.38002 1718. 42 0.22 0517 965.raw,5,2017,29864,main,220U,7,0,29863,main,219U,7,0,156896.124,490531.883,0,158197.077,489872.569,0,0,-7.38002,0,1458,1718,260
358,3817MPI,224U,8.91855,2090,44,0.43,517,965.raw,3707,external,3817MPI 224U 8.91855 2090. 44 0.43 0517 965.raw,5,2017,501055,main,3817MPI,2,0,29868,main,224U,7,0,154175,496023,0,154771.804,497822.799,0,0,8.91855,0,1896,2090,194
359,228U,227U,124.12895,2108,77,3.03,517,965.raw,3707,external,228U 227U 124.12895 2108. 77 3.03 0517 965.raw,5,2017,29872,main,228U,7,0,29871,main,227U,7,0,153437.739,502696.88,0,154822.992,502102.51,0,0,124.12895,0,1507,2108,601
360,232U,231U,27.88969,2563,91,-0.28,517,965.raw,3707,external,232U 231U 27.88969 2563. 91 -0.28 0517 965.raw,5,2017,29876,main,232U,7,0,29875,main,231U,7,0,151699.914,510598.62,0,152072.151,508928.211,0,0,27.88969,0,1711,2563,852
361,831U,231U,-10.57444,503,12,0.59,517,965.raw,3707,external,831U 231U -10.57444 503. 12 0.59 0517 965.raw,5,2017,459663,main,831U,7,0,29875,main,231U,7,0,152161.909,508484.4,0,152072.151,508928.211,0,0,-10.57444,0,453,503,50
362,232U,233U,-102.79537,2132,64,0.65,517,965.raw,3707,external,232U 233U -102.79537 2132. 64 0.65 0517 965.raw,5,2017,29876,main,232U,7,0,29877,main,233U,7,0,151699.914,510598.62,0,150881.471,512263.121,0,0,-102.79537,0,1855,2132,277
363,234U,233U,42.90607,2005,50,-0.8,517,965.raw,3707,external,234U 233U 42.90607 2005. 50 -0.80 0517 965.raw,5,2017,29878,main,234U,7,0,29877,main,233U,7,0,150037.055,513990.064,0,150881.471,512263.121,0,0,42.90607,0,1922,2005,83
364,235U,234U,34.26855,2132,38,-1.1,517,965.raw,3707,external,235U 234U 34.26855 2132. 38 -1.10 0517 965.raw,5,2017,29879,main,235U,7,0,29878,main,234U,7,0,149175.604,515929.19,0,150037.055,513990.064,0,0,34.26855,0,2122,2132,10
365,237U,236U,-10.17576,2282,48,0.1,517,965.raw,3707,external,237U 236U -10.17576 2282. 48 0.10 0517 965.raw,5,2017,29881,main,237U,7,0,29880,main,236U,7,0,147733.744,519670.671,0,148619.915,517764.742,0,0,-10.17576,0,2102,2282,180
366,830U,236U,-5.50134,1678,30,0.48,517,965.raw,3707,external,830U 236U -5.50134 1678. 30 0.48 0517 965.raw,5,2017,459662,main,830U,7,0,29880,main,236U,7,0,149232.024,516551.424,0,148619.915,517764.742,0,0,-5.50134,0,1359,1678,319
367,238U,237U,-7.28102,2074,48,0.87,517,965.raw,3707,external,238U 237U -7.28102 2074. 48 0.87 0517 965.raw,5,2017,29882,main,238U,7,0,29881,main,237U,7,0,146873.088,521455.472,0,147733.744,519670.671,0,0,-7.28102,0,1981,2074,93
368,BERO,237U,27.56684,1981,38,1.14,517,965.raw,3707,external,BERO 237U 27.56684 1981. 38 1.14 0517 965.raw,5,2017,446768,main,BERO,5,0,29881,main,237U,7,0,148633.406,521342.671,0,147733.744,519670.671,0,0,27.56684,0,1899,1981,82
369,238U,239U,-60.24667,2353,55,0.02,517,965.raw,3707,external,238U 239U -60.24667 2353. 55 0.02 0517 965.raw,5,2017,29882,main,238U,7,0,29883,main,239U,7,0,146873.088,521455.472,0,145875.515,523537.271,0,0,-60.24667,0,2308,2353,45
370,829U,239U,-22.22962,1978,44,0.72,517,965.raw,3707,external,829U 239U -22.22962 1978. 44 0.72 0517 965.raw,5,2017,459661,main,829U,7,0,29883,main,239U,7,0,145248.142,525218.836,0,145875.515,523537.271,0,0,-22.22962,0,1795,1978,183
371,241U,242U,-25.03582,2235,44,1.37,517,965.raw,3707,external,241U 242U -25.03582 2235. 44 1.37 0517 965.raw,5,2017,29885,main,241U,7,0,29886,main,242U,7,0,144419.508,527323.109,0,143433.947,529111.111,0,0,-25.03582,0,2042,2235,193
372,NIZA,242U,-37.55748,2863,60,0.64,517,965.raw,3707,external,NIZA 242U -37.55748 2863. 60 0.64 0517 965.raw,5,2017,446837,main,NIZA,5,0,29886,main,242U,7,0,144715.653,530925.025,0,143433.947,529111.111,0,0,-37.55748,0,2221,2863,642
373,247U,246U,111.87804,2748,105,3.6,517,965.raw,3707,external,247U 246U 111.87804 2748. 105 3.60 0517 965.raw,5,2017,29822,main,247U,7,0,29889,main,246U,7,0,157863.139,487426.023,0,158118.294,489812.678,0,0,111.87804,0,2400,2748,348
374,248U,247U,121.92582,2420,78,0.04,517,965.raw,3707,external,248U 247U 121.92582 2420. 78 0.04 0517 965.raw,5,2017,29823,main,248U,7,0,29822,main,247U,7,0,157726.269,485537.782,0,157863.139,487426.023,0,0,121.92582,0,1893,2420,527
375,248U,249U,135.9238,2582,82,-2.72,517,965.raw,3707,external,248U 249U 135.92380 2582. 82 -2.72 0517 965.raw,5,2017,29823,main,248U,7,0,29824,main,249U,7,0,157726.269,485537.782,0,156121.84,483999.386,0,0,135.9238,0,2223,2582,359
376,3815MPI,MARA,-0.2059,71,2,-0.09,517,965.raw,3707,external,3815MPI MARA -0.20590 71. 2 -0.09 0517 965.raw,5,2017,501053,main,3815MPI,2,0,446820,main,MARA,5,0,158096,482765,0,158102.584,482658.698,0,0,-0.2059,0,107,71,36
377,249U,3815MPI,22.78547,2795,50,-1.8,517,965.raw,3707,external,249U 3815MPI 22.78547 2795. 50 -1.80 0517 965.raw,5,2017,29824,main,249U,7,0,501053,main,3815MPI,2,0,156121.84,483999.386,0,158096,482765,0,0,22.78547,0,2328,2795,467
378,4150MPI,250U,70.99924,1735,44,1.21,517,965.raw,3707,external,4150MPI 250U 70.99924 1735. 44 1.21 0517 965.raw,5,2017,542526,main,4150MPI,2,0,29825,main,250U,7,0,156913,481249,0,157982.434,482534.144,0,0,70.99924,0,1672,1735,63
379,251U,4151MPI,88.25965,1768,62,0.08,517,965.raw,3707,external,251U 4151MPI 88.25965 1768. 62 0.08 0517 965.raw,5,2017,29826,main,251U,7,0,542527,main,4151MPI,2,0,157296.662,480055.225,0,158824,479511,0,0,88.25965,0,1621,1768,147
380,252U,4152MPI,40.79634,2094,57,-0.41,517,965.raw,3707,external,252U 4152MPI 40.79634 2094. 57 -0.41 0517 965.raw,5,2017,29827,main,252U,7,0,542528,main,4152MPI,2,0,159931.17,478764.713,0,160977,477380,0,0,40.79634,0,1735,2094,359
381,253U,4153MPI,21.72473,1630,52,0.74,517,965.raw,3707,external,253U 4153MPI 21.72473 1630. 52 0.74 0517 965.raw,5,2017,29828,main,253U,7,0,542529,main,4153MPI,2,0,161776.101,476618.31,0,163314,476706,0,0,21.72473,0,1540,1630,90
382,4154MPI,254U,-104.1663,2364,90,-0.38,517,965.raw,3707,external,4154MPI 254U -104.16630 2364. 90 -0.38 0517 965.raw,5,2017,542530,main,4154MPI,2,0,29829,main,254U,7,0,165862,475211,0,164952.291,476393.428,0,0,-104.1663,0,1492,2364,872
383,257U,256U,226.10216,3666,142,3.8,517,965.raw,3707,external,257U 256U 226.10216 3666. 142 3.80 0517 965.raw,5,2017,29832,main,257U,7,0,29831,main,256U,7,0,164224.752,470638.607,0,164320.148,472993.205,0,0,226.10216,0,2357,3666,1309
384,4156MPI,257U,79.64435,2801,74,-0.34,517,965.raw,3707,external,4156MPI 257U 79.64435 2801. 74 -0.34 0517 965.raw,5,2017,542532,main,4156MPI,2,0,29832,main,257U,7,0,164973,468019,0,164224.752,470638.607,0,0,79.64435,0,2724,2801,77
385,834U,258U,-9.64293,2992,58,-0.82,517,965.raw,3707,external,834U 258U -9.64293 2992. 58 -0.82 0517 965.raw,5,2017,459665,main,834U,7,0,29833,main,258U,7,0,166626.606,466561.233,0,165297.63,467059.974,0,0,-9.64293,0,1419,2992,1573
386,834U,259U,-20.53875,1928,36,-1.82,517,965.raw,3707,external,834U 259U -20.53875 1928. 36 -1.82 0517 965.raw,5,2017,459665,main,834U,7,0,29834,main,259U,7,0,166626.606,466561.233,0,165986.064,465009.64,0,0,-20.53875,0,1679,1928,249
387,4026MPI,259U,18.92898,1793,30,0.66,517,965.raw,3707,external,4026MPI 259U 18.92898 1793. 30 0.66 0517 965.raw,5,2017,505719,main,4026MPI,2,0,29834,main,259U,7,0,166490,463319,0,165986.064,465009.64,0,0,18.92898,0,1764,1793,29
388,4157MPI,261U,-3.09176,1562,46,0.93,517,965.raw,3707,external,4157MPI 261U -3.09176 1562. 46 0.93 0517 965.raw,5,2017,542533,main,4157MPI,2,0,29836,main,261U,7,0,167298,461029,0,167723.928,459697.77,0,0,-3.09176,0,1398,1562,164
389,4158MPI,261U,34.75996,1754,50,0.95,517,965.raw,3707,external,4158MPI 261U 34.75996 1754. 50 0.95 0517 965.raw,5,2017,542534,main,4158MPI,2,0,29836,main,261U,7,0,168082,458511,0,167723.928,459697.77,0,0,34.75996,0,1240,1754,514
390,264U,263U,22.05551,2546,53,-0.32,517,965.raw,3707,external,264U 263U 22.05551 2546. 53 -0.32 0517 965.raw,5,2017,29839,main,264U,7,0,29838,main,263U,7,0,169991.98,453472.725,0,169046.068,455534.321,0,0,22.05551,0,2268,2546,278
391,835U,263U,4.37355,599,19,-0.3,517,965.raw,3707,external,835U 263U 4.37355 599. 19 -0.30 0517 965.raw,5,2017,459666,main,835U,7,0,29838,main,263U,7,0,169094.112,456020.897,0,169046.068,455534.321,0,0,4.37355,0,489,599,110
392,265U,264U,8.65284,2712,62,2.29,517,965.raw,3707,external,265U 264U 8.65284 2712. 62 2.29 0517 965.raw,5,2017,29840,main,265U,7,0,29839,main,264U,7,0,170465.391,451246.752,0,169991.98,453472.725,0,0,8.65284,0,2276,2712,436
393,265U,266U,-43.33135,2504,56,0.82,517,965.raw,3707,external,265U 266U -43.33135 2504. 56 0.82 0517 965.raw,5,2017,29840,main,265U,7,0,29841,main,266U,7,0,170465.391,451246.752,0,171375.437,449169.875,0,0,-43.33135,0,2268,2504,236
400,235U,830U,3.24546,968,18,-0.64,517,965.raw,3707,external,235U 830U 3.24546 968. 18 -0.64 0517 965.raw,5,2017,29879,main,235U,7,0,459662,main,830U,7,0,149175.604,515929.19,0,149232.024,516551.424,0,0,3.24546,0,625,968,343
401,4178MPI,831U,2.78297,2132,68,0.14,517,965.raw,3707,external,4178MPI 831U 2.78297 2132. 68 0.14 0517 965.raw,5,2017,542536,main,4178MPI,2,0,459663,main,831U,7,0,152586,506626,0,152161.909,508484.4,0,0,2.78297,0,1906,2132,226
402,222U,832U,-23.06987,1244,37,0.96,517,965.raw,3707,external,222U 832U -23.06987 1244. 37 0.96 0517 965.raw,5,2017,29866,main,222U,7,0,459664,main,832U,7,0,153907.721,493952.58,0,153612.529,495051.507,0,0,-23.06987,0,1138,1244,106
403,3183b,1907W,-4.5334,949,18,-0.22,517,965.raw,3707,external,3183b 1907W -4.53340 949. 18 -0.22 0517 965.raw,5,2017,514918,main,3183b,9,0,20671,main,1907W,7,0,141506,534515,0,141256.666,535336.34,224.21,0,-4.5334,0,858,949,91
404,244U,3119b,1.05176,457,10,0.14,517,965.raw,3707,external,244U 3119b 1.05176 457. 10 0.14 0517 965.raw,5,2017,29888,main,244U,7,0,476667,main,3119b,9,0,142067.744,532593.598,228.36,142234,532789,0,0,1.05176,0,257,457,200
418,1907W,312U,-20.77097,1731,30,-0.24,517,965.raw,3707,external,1907W 3182b -20.77097 1731. 30 -0.24 0517 965.raw,5,2017,20671,main,1907W,7,0,29768,main,312U,7,0,141256.666,535336.34,224.21,140720.641,536913.379,0,0,-20.77097,0,1666,1731,65
419,3119b,3183b,-0.69064,2326,42,-0.38,517,965.raw,3707,external,3119b 3183b -0.69064 2326. 42 -0.38 0517 965.raw,5,2017,476667,main,3119b,9,0,514918,main,3183b,9,0,142234,532789,0,141506,534515,0,0,-0.69064,0,1873,2326,453
423,3817MPI,832U,15.90289,1167,42,0.66,517,965.raw,3707,external,3817MPI 832U 15.90289 1167. 42 0.66 0517 965.raw,5,2017,501055,main,3817MPI,2,0,459664,main,832U,7,0,154175,496023,0,153612.529,495051.507,0,0,15.90289,0,1123,1167,44
427,241U,4024MPI,55.89901,2340,48,2.76,517,965.raw,3707,external,241U 4024MPI 55.89901 2340. 48 2.76 0517 965.raw,5,2017,29885,main,241U,7,0,542524,main,4024MPI,2,0,144419.508,527323.109,0,145080,525200,0,0,55.89901,0,2223,2340,117
428,829U,4024MPI,0.83538,243,9,-0.13,517,965.raw,3707,external,829U 4024MPI 0.83538 243. 9 -0.13 0517 965.raw,5,2017,459661,main,829U,7,0,542524,main,4024MPI,2,0,145248.142,525218.836,0,145080,525200,0,0,0.83538,0,169,243,74
429,224U,4025MPI,-60.65645,2016,68,-0.98,517,965.raw,3707,external,224U 4025MPI -60.65645 2016. 68 -0.98 0517 965.raw,5,2017,29868,main,224U,7,0,542525,main,4025MPI,2,0,154771.804,497822.799,0,155716,499284,0,0,-60.65645,0,1740,2016,276
430,BARN,4025MPI,-61.15627,1185,47,0.48,517,965.raw,3707,external,BARN 4025MPI -61.15627 1185. 47 0.48 0517 965.raw,5,2017,446765,main,BARN,5,0,542525,main,4025MPI,2,0,155889.719,500181.126,0,155716,499284,0,0,-61.15627,0,914,1185,271
431,4157MPI,4026MPI,-10.2392,2625,62,1.45,517,965.raw,3707,external,4157MPI 4026MPI -10.23920 2625. 62 1.45 0517 965.raw,5,2017,542533,main,4157MPI,2,0,505719,main,4026MPI,2,0,167298,461029,0,166490,463319,0,0,-10.2392,0,2428,2625,197
432,176U,4033MPI,14.45119,2298,40,0.98,517,965.raw,3707,external,176U 4033MPI 14.45119 2298. 40 0.98 0517 965.raw,5,2017,29890,main,176U,7,0,505726,main,4033MPI,2,0,173938.488,441376.825,0,174098,443280,0,0,14.45119,0,1910,2298,388
433,4180MPI,4033MPI,32.38599,3124,60,1.92,517,965.raw,3707,external,4180MPI 4033MPI 32.38599 3124. 60 1.92 0517 965.raw,5,2017,542538,main,4180MPI,2,0,505726,main,4033MPI,2,0,173350,446107,0,174098,443280,0,0,32.38599,0,2924,3124,200
434,4150MPI,251U,-105.18958,1879,77,0.88,517,965.raw,3707,external,4150MPI 251U -105.18958 1879. 77 0.88 0517 965.raw,5,2017,542526,main,4150MPI,2,0,29826,main,251U,7,0,156913,481249,0,157296.662,480055.225,0,0,-105.18958,0,1254,1879,625
435,252U,4151MPI,101.71144,1735,65,0.67,517,965.raw,3707,external,252U 4151MPI 101.71144 1735. 65 0.67 0517 965.raw,5,2017,29827,main,252U,7,0,542527,main,4151MPI,2,0,159931.17,478764.713,0,158824,479511,0,0,101.71144,0,1335,1735,400
436,253U,4152MPI,-50.20564,1320,42,-1.72,517,965.raw,3707,external,253U 4152MPI -50.20564 1320. 42 -1.72 0517 965.raw,5,2017,29828,main,253U,7,0,542528,main,4152MPI,2,0,161776.101,476618.31,0,160977,477380,0,0,-50.20564,0,1104,1320,216
437,254U,4153MPI,80.56741,1766,61,0.82,517,965.raw,3707,external,254U 4153MPI 80.56741 1766. 61 0.82 0517 965.raw,5,2017,29829,main,254U,7,0,542529,main,4153MPI,2,0,164952.291,476393.428,0,163314,476706,0,0,80.56741,0,1668,1766,98
438,4155MPI,4154MPI,-136.033,2758,96,1.93,517,965.raw,3707,external,4155MPI 4154MPI -136.03300 2758. 96 1.93 0517 965.raw,5,2017,542531,main,4155MPI,2,0,542530,main,4154MPI,2,0,165165,473905,0,165862,475211,0,0,-136.033,0,1480,2758,1278
439,SAGI,4155MPI,11.74489,1885,41,0.96,517,965.raw,3707,external,SAGI 4155MPI 11.74489 1885. 41 0.96 0517 965.raw,5,2017,446853,main,SAGI,5,0,542531,main,4155MPI,2,0,164583.597,472787.638,0,165165,473905,0,0,11.74489,0,1260,1885,625
440,258U,4156MPI,8.82352,1096,39,1.19,517,965.raw,3707,external,258U 4156MPI 8.82352 1096. 39 1.19 0517 965.raw,5,2017,29833,main,258U,7,0,542532,main,4156MPI,2,0,165297.63,467059.974,0,164973,468019,0,0,8.82352,0,1012,1096,84
441,835U,4158MPI,7.80257,2960,68,1.35,517,965.raw,3707,external,835U 4158MPI 7.80257 2960. 68 1.35 0517 965.raw,5,2017,459666,main,835U,7,0,542534,main,4158MPI,2,0,169094.112,456020.897,0,168082,458511,0,0,7.80257,0,2688,2960,272
442,157U,4159MPI,5.15532,644,14,1.46,517,965.raw,3707,external,157U 4159MPI 5.15532 644. 14 1.46 0517 965.raw,5,2017,29940,main,157U,7,3,542535,main,4159MPI,2,0,184204.712,417858.327,594.811,184029,417260,0,0,5.15532,0,624,644,20
443,4179MPI,4178MPI,22.17329,860,28,0.82,517,965.raw,3707,external,4179MPI 4178MPI 22.17329 860. 28 0.82 0517 965.raw,5,2017,542537,main,4179MPI,2,0,542536,main,4178MPI,2,0,152565,505984,0,152586,506626,0,0,22.17329,0,642,860,218
444,228U,4179MPI,-66.70323,3459,70,1.99,517,965.raw,3707,external,228U 4179MPI -66.70323 3459. 70 1.99 0517 965.raw,5,2017,29872,main,228U,7,0,542537,main,4179MPI,2,0,153437.739,502696.88,0,152565,505984,0,0,-66.70323,0,3401,3459,58
445,4182MPI,4181MPI,-18.63863,1828,38,1.24,517,965.raw,3707,external,4182MPI 4181MPI -18.63863 1828. 38 1.24 0517 965.raw,5,2017,542540,main,4182MPI,2,0,542539,main,4181MPI,2,0,175507,436659,0,174947,438273,0,0,-18.63863,0,1708,1828,120
446,4184MPI,4183MPI,-14.31125,2100,36,1.04,517,965.raw,3707,external,4184MPI 4183MPI -14.31125 2100. 36 1.04 0517 965.raw,5,2017,542542,main,4184MPI,2,0,542541,main,4183MPI,2,0,177172,431146,0,176572,433030,0,0,-14.31125,0,1977,2100,123
447,4185MPI,4184MPI,-8.7077,1660,30,1.44,517,965.raw,3707,external,4185MPI 4184MPI -8.70770 1660. 30 1.44 0517 965.raw,5,2017,542543,main,4185MPI,2,0,542542,main,4184MPI,2,0,177636,429595,0,177172,431146,0,0,-8.7077,0,1619,1660,41
448,4186MPI,4185MPI,-24.89134,3819,66,-0.52,517,965.raw,3707,external,4186MPI 4185MPI -24.89134 3819. 66 -0.52 0517 965.raw,5,2017,542544,main,4186MPI,2,0,542543,main,4185MPI,2,0,178654,426158,0,177636,429595,0,0,-24.89134,0,3585,3819,234
449,161U,4187MPI,-33.68036,3476,66,2.03,517,965.raw,3707,external,161U 4187MPI -33.68036 3476. 66 2.03 0517 965.raw,5,2017,29943,main,161U,7,0,542545,main,4187MPI,2,0,182525.353,417444.749,0,180838,419655,0,0,-33.68036,0,2781,3476,695
455,3816MPI,220U,2.68011,720,15,1.38,517,965.raw,3707,external,3816MPI 220U 2.68011 720. 15 1.38 0517 965.raw,5,2017,501054,main,3816MPI,2,0,29864,main,220U,7,0,156882,491066,0,156896.124,490531.883,0,0,2.68011,0,534,720,186
456,HARI,3816MPI,0.20676,17,2,0.1,517,965.raw,3707,external,HARI 3816MPI 0.20676 17. 2 0.10 0517 965.raw,5,2017,446803,main,HARI,5,0,501054,main,3816MPI,2,0,156882.261,491079.304,0,156882,491066,0,0,0.20676,0,13,17,4
457,250U,MARA,4.54791,254,6,0.73,517,965.raw,3707,external,250U MARA 4.54791 254. 6 0.73 0517 965.raw,5,2017,29825,main,250U,7,0,446820,main,MARA,5,0,157982.434,482534.144,0,158102.584,482658.698,0,0,4.54791,0,173,254,81
458,180U,PARA,-0.32011,66,2,0,517,965.raw,3707,external,180U PARA -0.32011 66. 2 0.00 0517 965.raw,5,2017,29894,main,180U,7,0,446847,main,PARA,5,0,172729.068,448055.654,0,172689.509,448095.954,456.454,0,-0.32011,0,56,66,10
459,266U,PARA,-8.0638,2052,40,0.33,517,965.raw,3707,external,266U PARA -8.06380 2052. 40 0.33 0517 965.raw,5,2017,29841,main,266U,7,0,446847,main,PARA,5,0,171375.437,449169.875,0,172689.509,448095.954,456.454,0,-8.0638,0,1697,2052,355
460,256U,SAGI,42.86647,525,27,0.45,517,965.raw,3707,external,256U SAGI 42.86647 525. 27 0.45 0517 965.raw,5,2017,29831,main,256U,7,0,446853,main,SAGI,5,0,164320.148,472993.205,0,164583.597,472787.638,0,0,42.86647,0,334,525,191
842,3183b,5415MPI,-7.1455,1275,28,1.28,819,966.raw,3786_Line_1,external,3183b 5415MPI -7.14550 1275. 28 1.28 0819 966.raw,8,2019,514918,main,3183b,9,0,562070,main,5415MPI,2,0,141506,534515,0,142116,533456,0,0,-7.1455,0,1222,1275,53
843,5415MPI,3119b,7.83597,1061,24,1.56,819,966.raw,3786_Line_1,external,5415MPI 3119b 7.83597 1061. 24 1.56 0819 966.raw,8,2019,562070,main,5415MPI,2,0,476667,main,3119b,9,0,142116,533456,0,142234,532789,0,0,7.83597,0,677,1061,384
844,3119b,3118b,0.14023,1077,24,0.48,819,966.raw,3786_Line_1,external,3119b 3118b 0.14023 1077. 24 0.48 0819 966.raw,8,2019,476667,main,3119b,9,0,514917,main,3118b,9,0,142234,532789,0,143199,532570,0,0,0.14023,0,990,1077,87
845,3118b,339U,0.36764,767,17,0.15,819,966.raw,3786_Line_1,external,3118b 339U 0.36764 767. 17 0.15 0819 966.raw,8,2019,514917,main,3118b,9,0,29760,main,339U,7,0,143199,532570,0,143881.634,532837.96,229.933,0,0.36764,0,733,767,34
846,339U,3116b,3.1889,605,15,0.06,719,966.raw,3786_Line_1,external,339U 3116b 3.18890 605. 15 0.06 0719 966.raw,7,2019,29760,main,339U,7,0,514574,main,3116b,9,0,143881.634,532837.96,229.933,144272,533277,0,0,3.1889,0,587,605,18
847,3116b,3114b,-3.34656,1862,38,1.58,819,966.raw,3786_Line_1,external,3116b 3114b -3.34656 1862. 38 1.58 0819 966.raw,8,2019,514574,main,3116b,9,0,514573,main,3114b,9,0,144272,533277,0,145573,534435,0,0,-3.34656,0,1742,1862,120
848,3114b,3112b,1.84016,1934,40,1.87,819,966.raw,3786_Line_1,external,3114b 3112b 1.84016 1934. 40 1.87 0819 966.raw,8,2019,514573,main,3114b,9,0,514571,main,3112b,9,0,145573,534435,0,147397,534930,0,0,1.84016,0,1890,1934,44
849,3112b,5413MPI,1.2809,1221,28,1.8,719,966.raw,3786_Line_1,external,3112b 5413MPI 1.28090 1221. 28 1.80 0719 966.raw,7,2019,514571,main,3112b,9,0,562068,main,5413MPI,2,0,147397,534930,0,148541,535151,0,0,1.2809,0,1165,1221,56
850,5413MPI,3109b,4.07684,1711,38,-0.14,719,966.raw,3786_Line_1,external,5413MPI 3109b 4.07684 1711. 38 -0.14 0719 966.raw,7,2019,562068,main,5413MPI,2,0,514569,main,3109b,9,0,148541,535151,0,150196,534851,0,0,4.07684,0,1682,1711,29
851,3109b,3107b,20.89216,1715,48,1.88,719,966.raw,3786_Line_1,external,3109b 3107b 20.89216 1715. 48 1.88 0719 966.raw,7,2019,514569,main,3109b,9,0,514567,main,3107b,9,0,150196,534851,0,151805,535127,0,0,20.89216,0,1633,1715,82
852,3107b,336U,-3.98827,1806,45,0.13,719,966.raw,3786_Line_1,external,3107b 336U -3.98827 1806. 45 0.13 0719 966.raw,7,2019,514567,main,3107b,9,0,29757,main,336U,7,0,151805,535127,0,153468.017,535689.281,253.846,0,-3.98827,0,1756,1806,50
853,336U,3102b,2.23769,1181,26,0.66,719,966.raw,3786_Line_1,external,336U 3102b 2.23769 1181. 26 0.66 0719 966.raw,7,2019,29757,main,336U,7,0,514563,main,3102b,9,0,153468.017,535689.281,253.846,154585,536036,0,0,2.23769,0,1170,1181,11
854,3102b,847U,33.03653,1602,43,1.2,719,966.raw,3786_Line_1,external,3102b 847U 33.03653 1602. 43 1.20 0719 966.raw,7,2019,514563,main,3102b,9,0,459672,main,847U,7,0,154585,536036,0,156061.854,536043.914,0,0,33.03653,0,1477,1602,125
855,847U,5414MPI,-15.83131,723,32,-0.04,719,966.raw,3786_Line_1,external,847U 5414MPI -15.83131 723. 32 -0.04 0719 966.raw,7,2019,459672,main,847U,7,0,562069,main,5414MPI,2,0,156061.854,536043.914,0,156313,536356,0,0,-15.83131,0,401,723,322
856,5414MPI,335U,27.4145,1617,46,-1.38,819,966.raw,3786_Line_1,external,5414MPI 335U 27.41450 1617. 46 -1.38 0819 966.raw,8,2019,562069,main,5414MPI,2,0,29756,main,335U,7,0,156313,536356,0,157805.844,536705.452,300.707,0,27.4145,0,1533,1617,84
857,335U,3098b,24.6711,852,31,1.38,719,966.raw,3786_Line_1,external,335U 3098b 24.67110 852. 31 1.38 0719 966.raw,7,2019,29756,main,335U,7,0,514561,main,3098b,9,0,157805.844,536705.452,300.707,158525,536955,0,0,24.6711,0,761,852,91
858,3098b,3097b,4.35075,933,25,0.49,719,966.raw,3786_Line_1,external,3098b 3097b 4.35075 933. 25 0.49 0719 966.raw,7,2019,514561,main,3098b,9,0,514560,main,3097b,9,0,158525,536955,0,159210,537539,0,0,4.35075,0,900,933,33
859,3097b,3096b,3.06471,787,20,0.62,719,966.raw,3786_Line_1,external,3097b 3096b 3.06471 787. 20 0.62 0719 966.raw,7,2019,514560,main,3097b,9,0,514559,main,3096b,9,0,159210,537539,0,159740,538066,0,0,3.06471,0,747,787,40
860,3096b,334U,2.16114,1063,29,0.02,719,966.raw,3786_Line_1,external,3096b 334U 2.16114 1063. 29 0.02 0719 966.raw,7,2019,514559,main,3096b,9,0,29755,main,334U,7,0,159740,538066,0,160521.721,538727.407,334.942,0,2.16114,0,1024,1063,39
861,334U,845U,-7.79801,1408,38,-0.71,719,966.raw,3786_Line_1,external,334U 845U -7.79801 1408. 38 -0.71 0719 966.raw,7,2019,29755,main,334U,7,0,459670,main,845U,7,0,160521.721,538727.407,334.942,161515.888,539626.57,327,-7.942,-7.79801,0.14399,1340,1408,68
862,845U,3093b,-4.77716,987,24,0.26,719,966.raw,3786_Line_1,external,845U 3093b -4.77716 987. 24 0.26 0719 966.raw,7,2019,459670,main,845U,7,0,514557,main,3093b,9,0,161515.888,539626.57,327,162296,540176,0,0,-4.77716,0,954,987,33
863,3093b,333U,10.09902,1335,30,0.17,719,966.raw,3786_Line_1,external,3093b 333U 10.09902 1335. 30 0.17 0719 966.raw,7,2019,514557,main,3093b,9,0,29754,main,333U,7,0,162296,540176,0,163295.785,541038.962,332.349,0,10.09902,0,1321,1335,14
864,333U,3088b,1.80106,1857,49,2.11,719,966.raw,3786_Line_1,external,333U 3088b 1.80106 1857. 49 2.11 0719 966.raw,7,2019,29754,main,333U,7,0,514553,main,3088b,9,0,163295.785,541038.962,332.349,164846,541986,334.2,1.851,1.80106,0.04994,1817,1857,40
865,3088b,3087b,6.18195,782,27,-1.44,619,966.raw,3786_Line_1,external,3088b 3087b 6.18195 782. 27 -1.44 0619 966.raw,6,2019,514553,main,3088b,9,0,514552,main,3087b,9,0,164846,541986,334.2,165579.9,541911.7,340.35,6.15,6.18195,0.03195,738,782,44
866,3087b,332U,-7.1596,1672,46,2.12,719,966.raw,3786_Line_1,external,3087b 332U -7.15960 1672. 46 2.12 0719 966.raw,7,2019,514552,main,3087b,9,0,29821,main,332U,7,0,165579.9,541911.7,340.35,167040.294,541164.184,333.151,-7.199,-7.1596,0.0394,1641,1672,31
867,332U,3083b,-20.601,1451,43,1.2,719,966.raw,3786_Line_1,external,332U 3083b -20.60100 1451. 43 1.20 0719 966.raw,7,2019,29821,main,332U,7,0,514549,main,3083b,9,0,167040.294,541164.184,333.151,168402.4,540772.9,312.52,-20.631,-20.601,0.03,1417,1451,34
868,3083b,3082b,4.3816,1185,24,1.08,619,966.raw,3786_Line_1,external,3083b 3082b 4.38160 1185. 24 1.08 0619 966.raw,6,2019,514549,main,3083b,9,0,514548,main,3082b,9,0,168402.4,540772.9,312.52,169552.6,540593.5,316.89,4.37,4.3816,0.0116,1164,1185,21
869,3082b,331U,9.37022,1295,27,1.76,619,966.raw,3786_Line_1,external,3082b 331U 9.37022 1295. 27 1.76 0619 966.raw,6,2019,514548,main,3082b,9,0,29820,main,331U,7,0,169552.6,540593.5,316.89,170781.189,540535.442,326.314,9.424,9.37022,0.05378,1230,1295,65
870,331U,836U,3.36071,2032,50,2.22,619,966.raw,3786_Line_1,external,331U 836U 3.36071 2032. 50 2.22 0619 966.raw,6,2019,29820,main,331U,7,0,459667,main,836U,7,0,170781.189,540535.442,326.314,172316.557,541521.808,329.64,3.326,3.36071,0.03471,1825,2032,207
871,836U,5412MPI,0.60004,1349,35,0.28,619,966.raw,3786_Line_1,external,836U 5412MPI 0.60004 1349. 35 0.28 0619 966.raw,6,2019,459667,main,836U,7,0,562067,main,5412MPI,2,0,172316.557,541521.808,329.64,173332,542031,0,0,0.60004,0,1136,1349,213
872,5412MPI,330U,4.05798,1130,28,1.62,619,966.raw,3786_Line_1,external,5412MPI 330U 4.05798 1130. 28 1.62 0619 966.raw,6,2019,562067,main,5412MPI,2,0,29819,main,330U,7,0,173332,542031,0,174284.999,542586.581,334.337,0,4.05798,0,1103,1130,27
873,330U,7294MPI,4.37256,1236,29,-0.53,619,966.raw,3786_Line_1,external,330U 7294MPI 4.37256 1236. 29 -0.53 0619 966.raw,6,2019,29819,main,330U,7,0,391421,main,7294MPI,2,0,174284.999,542586.581,334.337,175276.128,543152.45,338.6,4.263,4.37256,0.10956,1141,1236,95
874,7294MPI,3072b,10.35788,1136,27,0.98,619,966.raw,3786_Line_1,external,7294MPI 3072b 10.35788 1136. 27 0.98 0619 966.raw,6,2019,391421,main,7294MPI,2,0,514542,main,3072b,9,0,175276.128,543152.45,338.6,176258.8,543531.4,349.05,10.45,10.35788,0.09212,1053,1136,83
875,3072b,7293MPI,36.61536,1841,73,0.91,1019,966.raw,3786_Line_1,external,3072b 7293MPI 36.61536 1841. 73 0.91 1019 966.raw,10,2019,514542,main,3072b,9,0,391420,main,7293MPI,2,4,176258.8,543531.4,349.05,176914.041,544503.586,385.563,36.513,36.61536,0.10236,1172,1841,669
876,7293MPI,7324MPI,-18.07921,1768,89,0.45,1019,966.raw,3786_Line_1,external,7293MPI 7324MPI -18.07921 1768. 89 0.45 1019 966.raw,10,2019,391420,main,7293MPI,2,4,391433,main,7324MPI,2,0,176914.041,544503.586,385.563,177621.2,545713.765,367.46,-18.103,-18.07921,0.02379,1402,1768,366
877,7324MPI,1924W,-13.53096,2353,84,0.77,1019,966.raw,3786_Line_1,external,7324MPI 1924W -13.53096 2353. 84 0.77 1019 966.raw,10,2019,391433,main,7324MPI,2,0,30128,main,1924W,7,4,177621.2,545713.765,367.46,178895.643,546788.693,353.956,-13.504,-13.53096,0.02696,1667,2353,686
878,1924W,328U,-25.16563,1000,39,0.35,1019,966.raw,3786_Line_1,external,1924W 328U -25.16563 1000. 39 0.35 1019 966.raw,10,2019,30128,main,1924W,7,4,29782,main,328U,7,2,178895.643,546788.693,353.956,178077.343,547050.558,328.892,-25.064,-25.16563,0.10163,859,1000,141
879,3879b,1924W,8.74153,1320,44,0.5,1019,966.raw,3786_Line_1,external,3879b 1924W 8.74153 1320. 44 0.50 1019 966.raw,10,2019,411424,main,3879b,9,3,30128,main,1924W,7,4,179630.6,547281.4,345.316,178895.643,546788.693,353.956,8.64,8.74153,0.10153,885,1320,435
880,219U,5509MPI,-19.96146,971,62,1.93,1219,967.raw,3786_Line_1,external,219U 5509MPI -19.96146 971. 62 1.93 1219 967.raw,12,2019,29863,main,219U,7,0,562080,main,5509MPI,2,0,158197.077,489872.569,0,158970,490104,0,0,-19.96146,0,807,971,164
881,5509MPI,218U,-2.76945,1044,48,1.04,1219,967.raw,3786_Line_1,external,5509MPI 218U -2.76945 1044. 48 1.04 1219 967.raw,12,2019,562080,main,5509MPI,2,0,29862,main,218U,7,0,158970,490104,0,159835.861,490569.647,0,0,-2.76945,0,983,1044,61
882,218U,5510MPI,-40.33232,663,51,0.22,1219,967.raw,3786_Line_1,external,218U 5510MPI -40.33232 663. 51 0.22 1219 967.raw,12,2019,29862,main,218U,7,0,566313,main,5510MPI,2,0,159835.861,490569.647,0,160390,490305,0,0,-40.33232,0,614,663,49
883,5510MPI,5508MPI,30.66478,473,41,0.4,1219,967.raw,3786_Line_1,external,5510MPI 5508MPI 30.66478 473. 41 0.40 1219 967.raw,12,2019,566313,main,5510MPI,2,0,562079,main,5508MPI,2,0,160390,490305,0,160835,490110,0,0,30.66478,0,486,473,13
884,5508MPI,217U,46.87975,1113,58,-0.78,1219,967.raw,3786_Line_1,external,5508MPI 217U 46.87975 1113. 58 -0.78 1219 967.raw,12,2019,562079,main,5508MPI,2,0,29861,main,217U,7,0,160835,490110,0,161812.623,490373.856,0,0,46.87975,0,1013,1113,100
885,217U,5507MPI,-8.73665,1013,40,2.1,1219,967.raw,3786_Line_1,external,217U 5507MPI -8.73665 1013. 40 2.10 1219 967.raw,12,2019,29861,main,217U,7,0,566312,main,5507MPI,2,0,161812.623,490373.856,0,162865,490709,0,0,-8.73665,0,1104,1013,91
886,5507MPI,216U,-5.11552,1253,56,0.57,1219,967.raw,3786_Line_1,external,5507MPI 216U -5.11552 1253. 56 0.57 1219 967.raw,12,2019,566312,main,5507MPI,2,0,29860,main,216U,7,0,162865,490709,0,163681.277,491237.633,0,0,-5.11552,0,973,1253,280
887,216U,5416MPI,-17.1726,1297,36,1,1219,967.raw,3786_Line_1,external,216U 5416MPI -17.17260 1297. 36 1.00 1219 967.raw,12,2019,29860,main,216U,7,0,566310,main,5416MPI,2,0,163681.277,491237.633,0,164528.97,492085.94,0,0,-17.1726,0,1199,1297,98
888,5416MPI,4208MPI,-9.79797,1128,39,2.06,1219,967.raw,3786_Line_1,external,5416MPI 4208MPI -9.79797 1128. 39 2.06 1219 967.raw,12,2019,566310,main,5416MPI,2,0,541599,main,4208MPI,2,0,164528.97,492085.94,0,165078,493032,0,0,-9.79797,0,1094,1128,34
889,4208MPI,5417MPI,-13.0885,960,48,-1.2,1219,967.raw,3786_Line_1,external,4208MPI 5417MPI -13.08850 960. 48 -1.20 1219 967.raw,12,2019,541599,main,4208MPI,2,0,566311,main,5417MPI,2,0,165078,493032,0,165128.88,493976.95,0,0,-13.0885,0,946,960,14
890,5417MPI,214U,-25.61674,1396,63,0.16,1219,967.raw,3786_Line_1,external,5417MPI 214U -25.61674 1396. 63 0.16 1219 967.raw,12,2019,566311,main,5417MPI,2,0,29858,main,214U,7,0,165128.88,493976.95,0,165823.771,495155.863,0,0,-25.61674,0,1368,1396,28
891,214U,5418MPI,-13.01096,1245,55,-0.49,1219,967.raw,3786_Line_1,external,214U 5418MPI -13.01096 1245. 55 -0.49 1219 967.raw,12,2019,29858,main,214U,7,0,562071,main,5418MPI,2,0,165823.771,495155.863,0,166645,495919,0,0,-13.01096,0,1121,1245,124
892,5418MPI,213U,-8.65311,1032,62,0.18,1219,967.raw,3786_Line_1,external,5418MPI 213U -8.65311 1032. 62 0.18 1219 967.raw,12,2019,562071,main,5418MPI,2,0,29857,main,213U,7,0,166645,495919,0,166949.793,496839.692,0,0,-8.65311,0,970,1032,62
893,213U,5424MPI,-5.98664,1617,93,1.3,1119,967.raw,3786_Line_1,external,213U 5424MPI -5.98664 1617. 93 1.30 1119 967.raw,11,2019,29857,main,213U,7,0,562077,main,5424MPI,2,0,166949.793,496839.692,0,168302,497414,0,0,-5.98664,0,1469,1617,148
894,5424MPI,3814MPI,-8.9722,1243,71,1.77,1119,967.raw,3786_Line_1,external,5424MPI 3814MPI -8.97220 1243. 71 1.77 1119 967.raw,11,2019,562077,main,5424MPI,2,0,501052,main,3814MPI,2,0,168302,497414,0,169206,498105,0,0,-8.9722,0,1138,1243,105
895,3814MPI,3813MPI,-67.49967,1962,88,0.28,1119,967.raw,3786_Line_1,external,3814MPI 3813MPI -67.49967 1962. 88 0.28 1119 967.raw,11,2019,501052,main,3814MPI,2,0,501051,main,3813MPI,2,0,169206,498105,0,169935,499820,0,0,-67.49967,0,1864,1962,98
896,3813MPI,5425MPI,-37.04232,1467,77,1.94,1119,967.raw,3786_Line_1,external,3813MPI 5425MPI -37.04232 1467. 77 1.94 1119 967.raw,11,2019,501051,main,3813MPI,2,0,562078,main,5425MPI,2,0,169935,499820,0,170617,500817,0,0,-37.04232,0,1208,1467,259
897,5425MPI,210U,19.62337,886,33,0.98,1119,967.raw,3786_Line_1,external,5425MPI 210U 19.62337 886. 33 0.98 1119 967.raw,11,2019,562078,main,5425MPI,2,0,29922,main,210U,7,0,170617,500817,0,171399.646,500499.9,0,0,19.62337,0,844,886,42
898,210U,5423MPI,31.92392,829,48,1.25,1219,967.raw,3786_Line_1,external,210U 5423MPI 31.92392 829. 48 1.25 1219 967.raw,12,2019,29922,main,210U,7,0,562076,main,5423MPI,2,0,171399.646,500499.9,0,172110,500504,0,0,31.92392,0,710,829,119
899,5423MPI,209U,10.55,1413,36,1.15,1119,967.raw,3786_Line_1,external,5423MPI 209U 10.55000 1413. 36 1.15 1119 967.raw,11,2019,562076,main,5423MPI,2,0,29921,main,209U,7,4,172110,500504,0,173218.691,501163.933,824.623,0,10.55,0,1290,1413,123
900,209U,5422MPI,-4.93055,965,19,1.02,1119,967.raw,3786_Line_1,external,209U 5422MPI -4.93055 965. 19 1.02 1119 967.raw,11,2019,29921,main,209U,7,4,562075,main,5422MPI,2,0,173218.691,501163.933,824.623,173972,501738,0,0,-4.93055,0,947,965,18
901,5422MPI,208U,-13.34822,1476,29,2.03,1119,967.raw,3786_Line_1,external,5422MPI 208U -13.34822 1476. 29 2.03 1119 967.raw,11,2019,562075,main,5422MPI,2,0,29920,main,208U,7,4,173972,501738,0,175231.997,502485.875,806.342,0,-13.34822,0,1465,1476,11
902,208U,5421MPI,-4.80988,1016,21,1.61,1119,967.raw,3786_Line_1,external,208U 5421MPI -4.80988 1016. 21 1.61 1119 967.raw,11,2019,29920,main,208U,7,4,562074,main,5421MPI,2,0,175231.997,502485.875,806.342,175929,503199,0,0,-4.80988,0,997,1016,19
903,5421MPI,207U,-11.74809,1347,41,1.1,1119,967.raw,3786_Line_1,external,5421MPI 207U -11.74809 1347. 41 1.10 1119 967.raw,11,2019,562074,main,5421MPI,2,0,29919,main,207U,7,4,175929,503199,0,176795.925,504200.122,789.789,0,-11.74809,0,1324,1347,23
904,207U,5420MPI,-16.2129,765,24,0,1019,967.raw,3786_Line_1,external,207U 5420MPI -16.21290 765. 24 0.00 1019 967.raw,10,2019,29919,main,207U,7,4,562073,main,5420MPI,2,0,176795.925,504200.122,789.789,177226,504808,0,0,-16.2129,0,745,765,20
905,5420MPI,7554MPI,-21.76648,1668,36,1.02,1119,967.raw,3786_Line_1,external,5420MPI 7554MPI -21.76648 1668. 36 1.02 1119 967.raw,11,2019,562073,main,5420MPI,2,0,493700,main,7554MPI,2,3,177226,504808,0,178282.8,505993.5,751.71,0,-21.76648,0,1588,1668,80
906,7554MPI,5419MPI,7.77544,938,25,0.3,1019,967.raw,3786_Line_1,external,7554MPI 5419MPI 7.77544 938. 25 0.30 1019 967.raw,10,2019,493700,main,7554MPI,2,3,562072,main,5419MPI,2,0,178282.8,505993.5,751.71,179105,506385,0,0,7.77544,0,911,938,27
907,5419MPI,7553MPI,9.94504,1182,25,0.37,1019,967.raw,3786_Line_1,external,5419MPI 7553MPI 9.94504 1182. 25 0.37 1019 967.raw,10,2019,562072,main,5419MPI,2,0,493699,main,7553MPI,2,3,179105,506385,0,180178,506807,769.336,0,9.94504,0,1153,1182,29
908,7553MPI,204U,-6.52186,1927,45,2,1019,967.raw,3786_Line_1,external,7553MPI 204U -6.52186 1927. 45 2.00 1019 967.raw,10,2019,493699,main,7553MPI,2,3,29916,main,204U,7,3,180178,506807,769.336,181566.241,507907.305,762.914,-6.422,-6.52186,0.09986,1771,1927,156
909,204U,350U,15.52989,1223,46,1.26,1019,967.raw,3786_Line_1,external,204U 350U 15.52989 1223. 46 1.26 1019 967.raw,10,2019,29916,main,204U,7,3,29772,main,350U,7,2,181566.241,507907.305,762.914,181131.865,508960.965,778.445,15.531,15.52989,0.00111,1140,1223,83
910,350U,859,-2.9801,335,12,0.61,1019,967.raw,3786_Line_1,external,350U 859 -2.98010 335. 12 0.61 1019 967.raw,10,2019,29772,main,350U,7,2,410872,main,859,9,2,181131.865,508960.965,778.445,181100.1,509268.4,775.469,-2.976,-2.9801,0.0041,309,335,26
911,861,351U,-16.79563,1738,47,2.39,1019,967.raw,3786_Line_1,external,861 351U -16.79563 1738. 47 2.39 1019 967.raw,10,2019,410874,main,861,9,2,29735,main,351U,7,2,181314.5,505487.8,787.723,181763.596,507128.398,770.926,-16.797,-16.79563,0.00137,1701,1738,37
912,351U,204U,-8.01066,856,19,0.3,1019,967.raw,3786_Line_1,external,351U 204U -8.01066 856. 19 0.30 1019 967.raw,10,2019,29735,main,351U,7,2,29916,main,204U,7,3,181763.596,507128.398,770.926,181566.241,507907.305,762.914,-8.012,-8.01066,0.00134,804,856,52
