OBJECTID,code,X,Y,grav
1,556,32.7882687106167,35.0276686002611,979222.251125
2,15966,31.4697736651611,35.3970436734949,979398.620285156
3,16902,32.6446491163347,35.3578282213016,979036.944847656
4,20297,31.7850426716859,35.2062233102684,979303.739507812
5,20550,32.0398207809899,34.7464007071958,979205.301867187
6,20636,32.0885894738573,35.3811962276031,979319.784414063
7,20671,30.9062903503268,34.3864508153429,979462.923679688
8,20812,32.6201567348106,35.5550420374573,979004.143316406
9,20813,32.7152248017531,35.5397455595651,978971.28209375
10,21553,31.7701678800814,35.1605055172854,979281.686753906
11,22102,31.138544886194,35.357942096123,979403.593230469
12,22178,32.2075780053129,34.9654810783863,979270.864421875
13,26084,31.7416488294335,35.4633196904483,979392.708765625
14,26085,31.5108314025009,35.396385397754,979387.594648438
15,26086,31.4365629844772,35.3812736898226,979422.969855469
16,26087,31.3082785729711,35.3829692791335,979444.340582031
17,26093,31.3726139827828,34.7979690652477,979367.748664062
18,26098,31.620467167842,34.9081862549044,979313.290707031
19,26099,31.6755491088277,34.9400273739574,979292.361074219
20,26101,31.7989123160336,35.0761046895575,979292.393890625
21,26102,31.7985981542815,35.1463136203493,979272.699675781
22,26106,33.2399081825113,35.7027647480552,979035.8585625
23,26108,32.590920792031,35.2399205412171,979236.099753906
24,26112,32.5793621537261,35.1880582530961,979240.575773438
25,26121,32.5080573488904,35.5199999003708,978999.346828125
26,26139,32.7180606929679,35.4388428712571,978951.30390625
27,26155,32.5027088924113,35.0863233010594,979249.208746094
28,26225,31.8157938324288,35.0233461858349,979297.66628125
29,26226,31.7225947357649,35.0939815877467,979285.152820312
30,26228,31.4398033550479,34.7622217743123,979369.114800781
31,26232,31.6805896664739,35.4412844860732,979379.144605469
32,26233,31.6307200047553,35.4142808878099,979379.539816406
33,26234,31.367825663927,35.3839332535617,979446.760015625
34,26237,32.4824293298671,35.0328067652917,979249.708585937
35,26253,32.550445146396,35.3943100566129,978991.192667969
36,26260,32.3920930394297,35.4965569929918,979037.146421875
37,26313,32.703456353991,35.5062335940396,978971.506246094
38,26319,31.7505668942763,34.9767814530339,979264.781585937
39,26334,32.2404980582457,34.8254912007027,979233.367144531
40,27729,32.5710341492424,35.1855283045263,979239.914695313
41,27730,32.566340423132,35.1784661722725,979244.318054687
42,27734,32.506541457286,35.0993341455368,979249.208746094
43,27735,32.5055413617812,35.0912868334364,979249.208746094
44,27736,32.4943740186785,35.0587289926084,979250.75225
45,27737,32.4858909991649,35.0458306388559,979249.708585937
46,27742,31.789655742182,35.2462907848638,979339.683839844
47,29692,32.620768398346,35.1369483035455,979241.972191406
48,29731,31.2255405683465,34.3330794179559,979429.366132813
49,29732,31.2350081997883,34.3697660847363,979431.04425
50,29733,31.2662186131002,34.4247833179727,979426.916347656
51,29735,30.6538511137185,34.8111855804278,979503.752203125
52,29740,31.2568923505601,34.4024513677301,979428.988285156
53,29754,30.9589751345919,34.6166581746611,979471.297616667
54,29755,30.9379918124858,34.587759979208,979472.2966875
55,29756,30.9196170866007,34.5594656090829,979471.527414062
56,29757,30.9102180358536,34.5141528840421,979470.924234375
57,29760,30.8839286660405,34.4140914027165,979467.932871094
58,29761,31.1844691952698,34.2814788066116,979429.551382813
59,29762,31.1689665608675,34.2867633467264,979429.438378906
60,29763,31.1234858832639,34.3042290661064,979431.847371094
61,29764,31.0879024823375,34.3174758789813,979435.445265625
62,29765,31.0427200434953,34.3354563980056,979438.648273438
63,29766,31.005606939515,34.348641912387,979441.633132812
64,29767,30.9571168905027,34.3674883756176,979453.149976562
65,29768,30.9204776081232,34.3807225372584,979459.106433594
66,29772,30.670360319169,34.8045267776674,979503.752203125
67,29782,31.0138062224022,34.7711132659619,979475.652492187
68,29819,30.9734053196318,34.7315992905106,979475.570320313
69,29820,30.9547662877518,34.6950220198105,979473.842735938
70,29821,30.9602767982804,34.6558403425044,979471.290415625
71,29822,30.475151283553,34.5630109706607,979507.22984375
72,29823,30.458112941316,34.5616975250972,979512.24471875
73,29824,30.4441537648037,34.5450863902499,979509.676136719
74,29825,30.4310340972746,34.5645415527282,979516.962582031
75,29826,30.4086397224669,34.5575510737812,979520.580554688
76,29827,30.3971324602831,34.585040050565,979521.286488281
77,29828,30.3778618106665,34.6043551170244,979526.645355469
78,29829,30.3759809325244,34.637409194792,979527.6188125
79,29831,30.3452824257212,34.6310119445936,979533.137558594
80,29832,30.3240396557096,34.6301437988549,979537.465878906
81,29833,30.2918087706285,34.6414834934288,979543.682132812
82,29834,30.2733451770372,34.6487433529953,979551.640109375
83,29836,30.2255067038395,34.6670643108485,979567.807695313
84,29838,30.1880070209442,34.6809963428803,979575.470167969
85,29839,30.1694496668737,34.6909144092835,979583.722926562
86,29840,30.149389828137,34.6959320581356,979587.729657813
87,29841,30.1306919059333,34.7054718718329,979590.51938125
88,29844,31.2176738530269,34.3129655736912,979429.568441406
89,29857,30.5604913291882,34.6571591358724,979502.086046875
90,29858,30.545253852675,34.6455100516855,979503.585558594
91,29860,30.5098148935476,34.623393514374,979505.947164062
92,29861,30.5019356670744,34.6039753456367,979505.075144531
93,29862,30.5036051782616,34.5833736536018,979504.529582031
94,29863,30.4972353484536,34.5663444556024,979504.529582031
95,29864,30.5031150894814,34.5527544863831,979503.764792969
96,29865,30.5174963774651,34.5376961260641,979503.764792969
97,29866,30.5338088624384,34.5214107933661,979499.453886719
98,29868,30.5687632041072,34.5301729281669,979496.173367187
99,29870,30.5969598367961,34.5316519528254,979492.872445312
100,29871,30.6073666195136,34.530439469349,979490.579804687
101,29872,30.6126518490362,34.5159569868817,979490.579804687
102,29875,30.6687781082732,34.5013103665818,979488.634125
103,29876,30.6838229020234,34.4973167404252,979484.874183594
104,29877,30.6987886516782,34.4886651087765,979484.874183594
105,29878,30.714315411194,34.4797354343935,979481.043949219
106,29879,30.7317541764388,34.4706105078566,979480.972417969
107,29880,30.7482762987114,34.4646822993328,979480.972417969
108,29881,30.7654129221833,34.455295485986,979478.862417969
109,29882,30.7814578698662,34.4461803943598,979475.538074219
110,29883,30.8001722279977,34.4356104515894,979475.538074219
111,29885,30.8342252558972,34.4201208385093,979469.536230469
112,29886,30.850288213877,34.4096872900938,979469.536230469
113,29887,30.8663254383755,34.4039994278574,979467.932871094
114,29888,30.8816076051317,34.395142200396,979466.283769531
115,29889,30.496691134611,34.565527404437,979504.529582031
116,29890,30.0604934276611,34.7324034445323,979597.934925781
117,29894,30.1206938100547,34.7195679884463,979591.397222656
118,29916,30.6608704299858,34.8090980172185,979503.752203125
119,29919,30.627271744748,34.7594796364273,979499.933742187
120,29920,30.6117528544419,34.7432412664365,979502.315507812
121,29921,30.5997531722452,34.7223050815992,979501.064582031
122,29922,30.5936921279842,34.7033688548775,979502.69075
123,29940,29.8486774874614,34.8396401121767,979641.254050781
124,29943,29.8448975049788,34.8222760493103,979640.03525
125,29946,29.880318886472,34.8000334065428,979641.990363281
126,29948,29.9085486690779,34.7887228946394,979643.270480469
127,29954,30.0001903704867,34.7567706281332,979609.265855469
128,29988,31.5849850681481,34.838253003506,979342.597136719
129,30001,32.1405870622528,34.8732813415496,979256.31515625
130,30008,32.3863708346649,34.9337092306819,979236.994023438
131,30009,32.3838360614448,34.9741523727144,979234.434230469
132,30028,32.2816391794685,35.0036494307031,979262.582125
133,30029,32.2389627695124,34.9877538142505,979275.880902344
134,30031,31.967983367509,34.7385537300154,979243.202574219
135,30032,32.0536327689089,34.7500766031954,979198.752355469
136,30040,31.8365209329981,34.9097577090527,979252.391835938
137,30042,31.8017983099318,34.9519783419064,979276.144152344
138,30043,31.777431613308,35.0038001500201,979280.264847656
139,30044,31.7023745190741,34.9422250492777,979280.786542969
140,30045,31.7289799486782,34.8999800161361,979282.143496094
141,30046,31.7448371049289,34.8577351656725,979294.53840067
142,30048,31.917279007093,34.8862641086857,979285.913648437
143,30049,31.9692689878466,34.844085416133,979267.796667969
144,30050,31.9684522083414,34.9007503625095,979303.743480469
145,30051,32.0169563227903,34.9060181415869,979275.312683594
146,30056,32.1803762817685,34.9472013527084,979265.616179687
147,30065,32.3245074306464,34.8704590941846,979247.612710938
148,30066,32.2726985697563,34.8539050669891,979242.72575
149,30067,32.1998034406671,34.8188225814396,979229.285914063
150,30068,32.1617042572539,34.8121773041602,979222.788949219
151,30069,32.1373228710341,34.7985017772397,979204.220273437
152,30071,32.0429948736123,34.7794760351003,979207.899015625
153,30074,31.9318598543941,34.7758507401397,979259.539050781
154,30111,31.7762880801033,35.2092768194882,979322.576929688
155,30128,31.0114728702305,34.7796928325731,979475.652492187
156,30188,31.3807091532098,34.7913184183452,979372.752707031
157,30199,31.3133230785982,34.4386323041714,979428.298292969
158,30216,32.0323056656892,34.9540632477823,979254.828214844
159,30232,31.8023877729576,35.4497745216094,979396.059332031
160,30235,31.7985824950392,35.3013860080232,979375.3583125
161,30241,31.906123716936,35.4624242303462,979378.973167969
162,30248,32.2379152556795,35.5521155896673,979009.976796875
163,30249,32.3631444557963,35.5249106369888,978976.389898438
164,30255,32.1212324291683,35.3012014147336,979325.596722656
165,30262,32.2905671662395,35.5484438159255,979005.130117188
166,30265,32.0743057054964,35.3682503201417,979328.671535156
167,30266,32.1010767070409,35.3452879339907,979321.319535156
168,30267,32.1121589037223,35.1825314588109,979336.89865625
169,30416,32.1884584315495,34.8049439505812,979229.285914063
170,382823,31.3513761013901,34.9061302140201,979329.280925781
171,383205,31.2772343006036,34.445205418093,979426.660261719
172,386685,31.5468310499521,34.9357871162061,979334.497140625
173,386726,31.5293380182641,34.9332351519281,979334.084757812
174,391420,30.9907930444083,34.7590381687085,979476.348429687
175,391421,30.9785465747816,34.7419491878234,979477.18171875
176,391433,31.0017332606507,34.7663917472832,979476.348429687
177,393604,31.2267641330722,34.336390519679,979429.366132813
178,407342,32.9194563847933,35.0691442111677,979225.897238281
179,407343,32.9188942485841,35.0701694209236,979225.897238281
180,409293,32.2889536460695,35.0091618049671,979253.410632813
181,409298,32.6053167730061,35.1580660992238,979241.214285156
182,409303,32.1026549964864,34.7822603782666,979191.856082031
183,409304,32.5635451468739,35.1743438294824,979244.318054687
184,409306,32.4827959949425,35.0320214295107,979249.708585937
185,409313,32.3522586133482,34.8732740314635,979250.410859375
186,409315,32.2603271973108,34.839101753454,979233.367144531
187,409316,32.1618268466307,34.8122506163946,979222.788949219
188,409318,32.2025027367935,34.824811815851,979232.362855469
189,409319,32.7481224678478,35.0661701104895,979223.605910156
190,409334,31.7138617020201,34.9602119469199,979276.611929687
191,409337,31.5924742436583,34.8250909703677,979332.928679687
192,409339,31.9325717845135,34.7756229454304,979259.539050781
193,409340,31.9366941835788,34.783303329172,979259.539050781
194,409343,31.5919585385329,34.7596900215507,979345.307554688
195,409358,32.1261139407073,34.8545056490937,979219.643457031
196,409365,32.3236851188941,34.8991890484906,979250.684492187
197,409366,32.3230182815018,34.8898297696844,979249.684960937
198,409374,31.6044004047718,34.8865704416977,979322.918007812
199,409379,31.768350395429,34.9976667874551,979273.966574219
200,409380,31.7617557734199,34.9940219268666,979264.781585937
201,409381,31.759111677939,34.9898108224399,979264.781585937
202,409382,31.755640487315,34.9840957128578,979264.781585937
203,409385,32.3129263580106,34.9931295318673,979247.904441406
204,409395,32.3217438611826,34.9041709541502,979250.684492187
205,409408,31.7751205145665,35.0049075560777,979280.264847656
206,409410,31.7862808463435,35.0137947239012,979280.264847656
207,409412,31.8035439912765,35.0151321179554,979297.66628125
208,409415,31.7408645911786,34.9730535872099,979269.821539062
209,409416,31.7376349135157,34.9701324346767,979269.821539062
210,409440,32.4887247541646,35.0506834313024,979249.708585937
211,409442,31.7467948156352,34.9735287807885,979267.9126875
212,409444,31.5730041221897,34.7591583834587,979349.627898437
213,409447,32.1196356289851,34.9383476092832,979252.556160156
214,409453,32.606629336939,35.1555619947345,979241.972191406
215,409483,32.0721572020002,34.9475266336811,979235.960035156
216,409484,32.04476655886,34.9483672642735,979253.731296875
217,409485,32.0118765193232,34.9521699349276,979277.998050781
218,409499,32.393752055753,34.8703221590151,979252.484222656
219,409521,31.4864993217033,34.7771884627167,979355.614964844
220,409541,31.7364306501644,34.9675289890867,979269.821539062
221,409542,31.7250357006528,34.9650362266602,979269.821539062
222,409545,31.8154552960496,35.0245634074383,979297.66628125
223,409558,31.8023907265902,35.0158631112823,979297.66628125
224,409576,31.7619852264988,34.7925399162636,979314.9120375
225,409600,32.1946988883795,34.8179933724004,979229.285914063
226,409612,32.2216945623484,34.9816600862987,979286.087894531
227,409616,32.6460544578431,35.1205093790889,979235.908871094
228,409618,32.3335584244614,34.871365524373,979249.684960937
229,409633,32.5801762150768,35.3245234938098,979117.854027344
230,409634,32.5920979650817,35.3156612363968,979117.854027344
231,409639,32.8014504649968,35.01264086496,979193.158628906
232,409644,31.5390576121985,34.7655219639829,979358.966296875
233,409655,32.0567109925617,34.7592143682555,979198.752355469
234,409670,32.5942106165676,35.1795302211911,979243.437542969
235,409672,32.2007401936646,34.8216607509477,979232.362855469
236,409673,32.3656296333659,34.8728714894219,979252.30325
237,409674,32.3806747180535,34.8750471069855,979252.30325
238,409683,32.6104597453802,35.290400252047,979112.095027344
239,409715,32.1749686364354,34.8161173206512,979222.788949219
240,409722,31.4994720856662,34.7824344635831,979355.614964844
241,409724,31.4736078128626,34.775792770315,979354.224335937
242,409726,31.5211056738249,34.7768763005034,979359.325898438
243,409728,32.1357586684076,34.7986587431436,979204.220273437
244,409744,31.6035539201031,34.7512892940697,979345.307554688
245,409745,31.5287533760129,34.7746882831067,979359.325898438
246,409748,32.547312396015,35.1617860682194,979244.318054687
247,409763,32.6497060287604,35.5624832841564,979006.1346875
248,409764,32.704727877374,35.5868161677266,978993.402257812
249,409774,32.5474672636052,35.5391007764314,978985.409203125
250,409775,32.4854242181642,35.0454620690768,979249.708585937
251,409777,32.5063872942125,35.096939828467,979249.208746094
252,409779,32.5150600201127,35.1204197848141,979251.684488281
253,409780,32.5208638932657,35.1279710970381,979248.480757813
254,409792,32.5708829120102,35.5499540632631,979003.550246094
255,409794,32.5916802551279,35.5461951737054,978974.901929687
256,409795,32.6084416690459,35.5465196949188,979004.143316406
257,409955,31.9962165901775,34.9519873951505,979300.411246094
258,409961,31.8158552301243,34.9164388090666,979264.393648438
259,409963,31.7137208585131,34.9599378377473,979276.611929687
260,409964,31.5925512217907,34.8654233096673,979327.57434375
261,409973,32.7887327932672,35.0273290708059,979222.251125
262,409980,31.9211437720741,34.7699620655906,979265.786609375
263,409988,32.0501100901672,34.7541639578545,979205.301867187
264,409995,32.6711859299019,35.5785464428923,979013.06046875
265,410001,32.4662807598465,34.9957569221249,979255.763699219
266,410009,32.609260368402,35.2905269501311,979112.095027344
267,410013,31.7775940988855,35.003634980079,979280.264847656
268,410014,31.6254570792558,34.7562661532588,979342.148933594
269,410015,32.0913359053778,34.7709048980757,979191.856082031
270,410143,32.4959283870524,35.0618775501466,979245.292746094
271,410154,32.5735259337321,35.1916560964813,979240.575773438
272,410243,32.5577369352448,35.5436794472321,978985.409203125
273,410257,32.7213804254158,35.5537632378506,978977.737660156
274,410262,32.680389800969,35.4140593049475,978964.536324219
275,410280,31.8000698525297,35.0887403710352,979285.462914063
276,410281,31.8004266685853,35.1256678568831,979272.677253906
277,410302,32.2850870099558,35.1376391585566,979304.433542969
278,410309,31.7962064453334,35.1480849488282,979272.699675781
279,410329,31.7716151667037,35.2085932995565,979303.739507812
280,410334,32.0720461414517,35.3878613820006,979328.671535156
281,410337,32.0496526287239,35.4499885017841,979315.257085938
282,410345,31.7516933816354,35.1985552522416,979278.462492188
283,410402,31.3256656793507,34.9216543304944,979348.222525
284,410542,31.6742099529968,35.0256467087376,979267.864003906
285,410543,31.6754683526442,35.0355440298747,979265.440992187
286,410558,31.7970519122399,35.4254209399701,979386.72725
287,410569,32.7201777288919,35.5591174448371,978977.737660156
288,410576,32.6297978045119,35.3314990855111,979033.53346875
289,410623,31.2625770449423,34.4161121415986,979426.916347656
290,410625,31.2823565515985,34.4327948745584,979426.660261719
291,410703,31.7721813728649,35.1816739154114,979281.686753906
292,410705,31.7833929078928,35.1946151672479,979303.739507812
293,410723,31.7587347331684,35.1180615966101,979284.905296875
294,410724,31.7676611650734,35.1440957082733,979274.188484375
295,410725,31.7709018780944,35.157979753627,979281.686753906
296,410727,31.7780774644813,35.1864558718193,979303.739507812
297,410740,31.7962598225026,35.1704497484052,979306.583902344
298,410757,31.8087122970483,34.9440794396975,979264.445714844
299,410760,31.6874838527222,35.0001014235251,979283.1026875
300,410770,32.7048548000964,35.4318876063508,978951.30390625
301,410793,32.7148988235767,35.4769915300481,978967.082074219
302,410794,32.714574333997,35.4720151566103,978967.082074219
303,410797,32.7037971067223,35.5058628682467,978971.506246094
304,410872,30.6731322834798,34.8041838919851,979503.752203125
305,410874,30.6390390230941,34.8065607984083,979503.710214844
306,410964,31.7825968058307,35.2313564450335,979322.576929688
307,410992,31.3832705478324,34.8719633903657,979331.219035156
308,411006,31.7875214022217,34.9936637929694,979273.966574219
309,411008,31.6504642611178,34.9258438275021,979302.770566406
310,411009,31.6868113697048,34.9674801819655,979289.497460937
311,411013,31.7635209680701,35.1282011272077,979284.905296875
312,411014,31.7674968607835,35.1653658869946,979271.405316406
313,411018,32.1634971722517,35.524378796963,979088.207683594
314,411083,31.779726983188,35.239442647654,979339.683839844
315,411099,31.9891923339992,35.4603021310152,979339.153324219
316,411115,31.7995675039313,35.1394261836237,979272.699675781
317,411130,31.7873451375483,35.202952684018,979303.739507812
318,411162,32.2632550076214,35.5528684164889,979011.062734375
319,411164,32.3094614478742,35.5434192384604,978994.072097656
320,411291,31.2302728879022,34.3458512895828,979429.366132813
321,411297,31.2349915119885,34.3624970981349,979431.04425
322,411424,31.0159418005752,34.7873696466271,979472.438464844
323,411754,31.3767128298913,34.8163787098968,979367.748664062
324,411772,31.3400553403515,34.9321846664462,979319.805410156
325,411774,31.348870702207,34.9338258333555,979319.805410156
326,411874,31.5640842758629,34.7603047457404,979349.627898437
327,411942,32.3774084346862,34.8641244622295,979252.465160156
328,411945,31.8038980494631,35.3250192154659,979371.638539062
329,411959,32.5120109632314,35.4427558350514,978989.86440625
330,412004,31.8023080932902,35.0274053927195,979296.57553125
331,412005,31.7999595641027,35.0312325040505,979296.57553125
332,412006,31.7997280628937,35.0308484239122,979296.57553125
333,412007,31.7980926241167,35.031130389551,979296.57553125
334,412008,31.7970499621785,35.0336982775701,979296.57553125
335,412013,31.7916383783316,35.0401279856117,979287.919417969
336,412015,31.7924626062044,35.0489372791495,979287.919417969
337,412016,31.7935415004078,35.0549706309237,979289.768089844
338,412018,31.7915252164675,35.0663562756872,979289.768089844
339,412026,31.7957148596172,35.0747944318117,979292.393890625
340,412028,31.7927007022502,35.1576261444938,979281.686753906
341,412030,31.7953062023309,35.1554601851455,979272.699675781
342,412032,31.7946029392508,35.1511000272452,979272.699675781
343,412049,31.8070554856364,35.0236473398953,979297.66628125
344,412061,31.7920252321246,35.16017117565,979281.686753906
345,412062,31.8093304160806,35.1190505995891,979272.677253906
346,412063,31.8077143062174,35.1217556153952,979272.677253906
347,412067,31.8015144054165,35.1264064593834,979272.677253906
348,412068,31.7942096799516,35.1663577878723,979306.583902344
349,412080,31.8068286178525,35.1040664043042,979285.462914063
350,412165,31.8066451807101,35.1036051068791,979285.462914063
351,412171,31.7774749390886,35.0111629252656,979280.264847656
352,412174,31.771958248182,35.0012195402166,979280.264847656
353,412194,31.7475626845895,34.9806810854181,979264.781585937
354,412195,31.7477614231565,34.9846564441902,979264.781585937
355,412203,31.7466827880699,35.0090000587621,979268.866214844
356,412204,31.7489390080846,35.007119881505,979268.866214844
357,412233,31.7493865010584,34.9909997881438,979264.781585937
358,412248,31.7498593303071,34.9792555147935,979264.781585937
359,412249,31.7474828099153,34.9784989644671,979264.781585937
360,412256,31.7461542953501,34.9802961183432,979264.781585937
361,412261,31.6800680789395,35.0171284186344,979267.864003906
362,412262,31.6811174503926,35.0155211674548,979267.864003906
363,412264,31.6809156189488,35.0090545017871,979267.864003906
364,412265,31.6814249084039,35.0044522661063,979267.864003906
365,412268,31.6850557153634,34.9853221302006,979283.1026875
366,412271,31.6753054438283,35.0062928513956,979267.864003906
367,412285,31.6817351843766,35.0195614920691,979267.864003906
368,412303,31.681011900335,35.0086188445732,979267.864003906
369,412575,31.7456821092309,34.8843222290071,979282.360969271
370,412580,31.746458901797,34.8744642560549,979282.360969271
371,412582,31.7193158466136,34.9200737782487,979282.143496094
372,412628,31.6724433139813,34.9342323975095,979292.361074219
373,412635,31.6099719380571,34.8964500592914,979322.918007812
374,412807,31.7074665305648,34.9219778225577,979292.512175781
375,412837,31.7447546880681,34.7941875918782,979307.94061942
376,412840,31.7395976688742,34.8112541749968,979314.490256696
377,412843,31.7345956360045,34.8330593862331,979306.508351562
378,412963,31.799160376978,34.9768208393671,979291.408246094
379,412966,31.7990575633475,34.969259571302,979276.144152344
380,412979,31.8081310255443,34.9360253930888,979264.445714844
381,413008,31.9902770976343,34.9039176019823,979297.34715625
382,413058,31.9510417636519,34.7545314654943,979245.551988281
383,413063,31.9620468075091,34.7849217632461,979242.997078125
384,413077,31.971062633885,34.781537740644,979242.997078125
385,413091,31.9838802698098,34.7690974654563,979226.774664063
386,413122,31.9324755043932,34.7415102594126,979258.006089844
387,413123,31.9350976797752,34.7461596615226,979258.006089844
388,413124,31.9407960180659,34.7768866377485,979259.539050781
389,413125,31.9447466240162,34.7752205787822,979259.539050781
390,413128,31.9445519723577,34.758507989282,979258.006089844
391,413129,31.9427336199927,34.754328698206,979258.006089844
392,413130,31.9410000440101,34.7486791282115,979258.006089844
393,413141,31.985493194826,34.7875132334415,979226.774664063
394,413142,31.978847285156,34.7848876771661,979226.774664063
395,413155,32.1626196666736,34.9417819526285,979265.616179687
396,413180,31.9163237611212,34.8885276576089,979285.913648437
397,413181,31.9180818238629,34.8861680584117,979285.913648437
398,413182,31.9222806626172,34.8818723236116,979285.913648437
399,413246,32.1477426325244,34.8796713163549,979256.31515625
400,413251,32.1561036579043,34.8873800941998,979256.31515625
401,413264,32.13450091037,34.8715592369784,979256.31515625
402,413265,32.1406467041718,34.8731358167203,979256.31515625
403,413267,32.1475803634181,34.8761952267935,979256.31515625
404,413270,32.1654868177144,34.8820785787973,979251.963125
405,413289,32.1025298529746,34.946322887483,979240.904546875
406,413301,31.9653421485652,34.838624719562,979267.796667969
407,413315,31.9656425056271,34.8468848863537,979287.885230469
408,413321,31.9374546127405,34.866622500924,979297.431332031
409,413333,32.0012221486355,34.8314766050746,979235.758621094
410,413335,32.004805566953,34.8359911388153,979214.117371094
411,413337,32.0121670126844,34.842905296045,979214.117371094
412,413340,32.0128052962184,34.8472634105428,979227.332226563
413,413341,32.007041322522,34.8202452735344,979214.117371094
414,413348,31.9536823153284,34.9080048523656,979303.743480469
415,413353,32.0014273186087,34.8246393422543,979214.117371094
416,413354,31.9497306446501,34.8885773517588,979298.030765625
417,413355,31.9493143748322,34.8844009543176,979302.345238281
418,413358,31.9479370960226,34.8611795166203,979297.431332031
419,413366,31.9762486210953,34.8932595707736,979282.495613281
420,413367,31.9762928839348,34.887601948159,979282.495613281
421,413368,31.974935131155,34.8784506231301,979298.030765625
422,413369,31.9819990605169,34.8716015453869,979282.495613281
423,413370,31.9874877489725,34.8661562562424,979258.9216875
424,413372,31.9939461347175,34.8641087722052,979258.9216875
425,413375,32.0101532536795,34.8145700098302,979213.721910156
426,413380,31.9929676184918,34.8487614320597,979258.9216875
427,413381,31.9956957498935,34.8542080759296,979258.9216875
428,413382,32.0006345615032,34.8558131055412,979258.9216875
429,413383,32.0057319176872,34.8556534844885,979227.332226563
430,413436,32.0323772012684,34.866105165896,979211.108234375
431,413438,32.0291578339203,34.8729555051477,979228.055546875
432,413441,32.0288218586352,34.8861361449281,979228.055546875
433,413446,32.0250439142271,34.9087385815915,979275.312683594
434,413468,32.0345355668828,34.8411341879222,979205.297703125
435,413482,31.9281993001438,34.8302489327547,979286.864421875
436,413483,31.9265969242246,34.8251269668289,979286.864421875
437,413485,31.9213685385116,34.8610741489351,979280.21075
438,413510,31.9410550113959,34.8350088432479,979286.864421875
439,413512,31.9435714938484,34.8320692031429,979286.864421875
440,413516,31.9563863186371,34.8170397159456,979249.657476562
441,413517,31.9613258774557,34.821022795344,979267.796667969
442,413519,31.9660078187016,34.81678775247,979249.657476562
443,413524,31.9280007643621,34.8555540394792,979297.431332031
444,413525,31.9263803309536,34.8598955476505,979297.431332031
445,413527,31.9280565568999,34.8695859482257,979297.431332031
446,413528,31.934797251558,34.8106583365117,979271.377847656
447,413532,31.9667432342879,34.8038574643894,979249.657476562
448,413533,31.9710956659085,34.8056793500218,979249.657476562
449,413541,31.9354006362219,34.8349997312886,979286.864421875
450,413542,31.9363602282977,34.8362649242507,979286.864421875
451,413544,31.9360924702896,34.8435205964175,979286.864421875
452,413545,31.9355994982607,34.8477843169235,979297.431332031
453,413546,31.9340159599016,34.854610243889,979297.431332031
454,413559,31.975917954132,34.7964223646118,979225.138941406
455,413568,31.9360316394488,34.807988123776,979271.377847656
456,413571,32.0450521199662,34.7595778520764,979205.301867187
457,413689,32.0544923010674,34.7785538744914,979200.589972656
458,413699,32.100779384256,34.794447616439,979187.428019531
459,413719,32.0466473751132,34.7803647319166,979207.899015625
460,413751,32.0692876036404,34.7686319308552,979200.589972656
461,413755,32.2729523340553,34.8573991967245,979242.72575
462,413758,32.2829228370116,34.8615861232436,979242.72575
463,413765,32.311765580573,34.8659097722107,979246.215007812
464,413771,32.3241035383856,34.8744650978761,979249.684960937
465,413772,32.3249861335821,34.8672157329654,979247.612710938
466,413773,32.2968513521583,34.8575916482596,979246.215007812
467,413793,32.3006738662022,34.8543080070501,979246.215007812
468,413811,32.4813760102099,35.0251026722224,979250.781796875
469,414070,32.4749568363762,35.0246866925364,979250.781796875
470,414073,32.4576912408493,35.0228288712674,979260.642667969
471,414074,32.4583458460459,35.019687847453,979260.642667969
472,414075,32.4545665033207,35.0177577835633,979260.642667969
473,414077,32.4636238885708,35.0191750325538,979260.642667969
474,414088,32.424007118046,35.0064297845312,979263.057953125
475,414089,32.4232935407018,35.0108828600705,979263.057953125
476,414092,32.438925045189,35.0178846582166,979263.057953125
477,414093,32.4417145117473,35.0184157145112,979263.057953125
478,414098,32.4506491854303,35.0146423682493,979260.642667969
479,414103,32.4639700192621,35.0043501855207,979260.642667969
480,414104,32.4661627590703,35.0053026490829,979260.642667969
481,414107,32.4038993174102,35.0066086776694,979257.67871875
482,414132,32.3192660845975,34.9987962918864,979243.857570312
483,414134,32.3260782686849,35.0057276889347,979251.484035156
484,414135,32.3563976155554,34.9069111559615,979247.441867188
485,414137,32.3657695866817,34.9061707185794,979245.62028125
486,414140,32.3604444878067,34.8620418931869,979250.16865625
487,414148,32.3407484824664,34.8711628661768,979250.16865625
488,414149,32.3568388821228,34.8761364260792,979250.410859375
489,414151,32.3882058340822,35.0052623542578,979252.556523438
490,414152,32.4032679973757,34.9254971301141,979237.407285156
491,414153,32.4091832288409,34.9253938988361,979237.407285156
492,414154,32.4110726560217,34.9234852624372,979237.407285156
493,414155,32.317743637591,34.9889024464801,979243.857570312
494,414157,32.3288759872732,34.9916268412595,979243.857570312
495,414158,32.332143439432,34.988135482657,979243.857570312
496,414163,32.3520817416899,34.9811382172098,979242.193507812
497,414167,32.3491132447417,34.9926949057004,979242.193507812
498,414174,32.3772191610751,34.8960646784375,979252.30325
499,414176,32.3791327135854,34.8771195618212,979252.30325
500,414177,32.3792166124719,34.8729908471006,979252.30325
501,414178,32.3784568764921,34.8673730769307,979252.465160156
502,414181,32.3701888097377,34.9936127177292,979240.836085937
503,414186,32.3899784851656,35.0109294869459,979252.556523438
504,414188,32.3943197343337,35.008733977286,979257.67871875
505,414194,32.3973159438726,34.929365138508,979237.407285156
506,414198,32.3940089928424,34.917129239275,979246.969910156
507,414200,32.3892782524015,34.9111820530687,979245.62028125
508,414201,32.3826942885277,34.9098962044704,979245.62028125
509,414202,32.3783965230899,34.9098857048543,979245.62028125
510,414203,32.3738911154555,34.9078505747415,979245.62028125
511,414204,32.3871611885885,34.989099125983,979240.836085937
512,414205,32.3793743333601,34.9863440495244,979240.836085937
513,414208,32.387904761126,34.9569595017125,979234.434230469
514,414212,32.3923856087541,34.9431307330535,979237.407285156
515,414213,32.3939690284095,34.93751018115,979237.407285156
516,414214,32.3953456612505,34.9335470314417,979237.407285156
517,414215,32.3915106454818,34.9856134430064,979245.476777344
518,414216,32.3528308467378,34.902218758857,979247.441867188
519,414221,32.3519661046241,35.005818786716,979251.524738281
520,414225,32.3679815255467,34.9894633583028,979240.836085937
521,414229,32.3873546042431,34.9422369880099,979236.994023438
522,414230,32.3842363484101,34.9370824705169,979236.994023438
523,414231,32.3892891844602,34.9311381555954,979236.994023438
524,414232,32.3884993503509,34.9273001248244,979236.994023438
525,414233,32.4000814776321,34.9239869789508,979237.407285156
526,414235,32.3969446067374,34.9126027740233,979246.969910156
527,414241,32.3462251861798,34.9143803399103,979247.441867188
528,414242,32.3426650585963,34.9151671235928,979247.441867188
529,414245,32.3449658569041,34.9273267756391,979243.210441406
530,414250,32.3452899505041,34.897929994277,979247.441867188
531,414252,32.3565800577155,34.9039889836946,979247.441867188
532,414256,32.3439893362956,34.9372049212936,979243.210441406
533,414260,32.3212638452731,34.883180421652,979249.684960937
534,414261,32.3201202553746,34.8884751639559,979249.684960937
535,414265,32.3441574494667,34.9093200229034,979247.441867188
536,414266,32.3503026386912,34.9042370689667,979247.441867188
537,414268,32.2855295228724,34.862803479837,979242.72575
538,414278,32.3268732055617,34.8833496610899,979249.684960937
539,414279,32.3272433849828,34.8740936772563,979249.684960937
540,414280,32.3508640822257,34.8984614843658,979247.441867188
541,414296,32.3300305282631,34.8909908038596,979249.684960937
542,414297,32.3338006188932,34.8887590359984,979249.684960937
543,414298,32.337952248088,34.8872990097723,979249.684960937
544,414299,32.3438085824614,34.889594270556,979250.410859375
545,414300,32.3416449432457,34.8967717188443,979250.410859375
546,414301,32.3462096936984,34.9001459744678,979247.441867188
547,414305,32.2112638817158,34.9792045339417,979286.087894531
548,414306,32.210176979078,34.9715914722394,979275.843476563
549,414309,32.1944943003861,34.9478866878848,979265.035320312
550,414310,32.1984257701375,34.9477483925734,979265.035320312
551,414311,32.1972845540473,34.9409429461044,979265.035320312
552,414459,32.317493378214,34.942411453871,979249.148601562
553,414460,32.3170149440216,34.9357386003953,979249.148601562
554,414461,32.3165850552396,34.9308178476114,979249.148601562
555,414468,32.3270898890476,34.9613307609994,979244.690871094
556,414469,32.3314918948152,34.9528540634561,979244.690871094
557,414471,32.3293138881984,34.9460309502119,979249.148601562
558,414577,32.609233309454,35.2905375779248,979112.095027344
559,414628,32.7977224225513,35.0485997354023,979222.251125
560,414972,31.5977449700764,35.4034443130042,979379.516695313
561,414973,31.581797912846,35.4059668315742,979380.169
562,414974,31.5718531657538,35.4142392636677,979380.169
563,414975,31.544740356249,35.395664942771,979383.316589844
564,414977,31.5017383153432,35.393025679854,979392.640820312
565,414978,31.4910453392656,35.3970188114423,979392.640820312
566,414979,31.7193240115374,35.095608414524,979285.152820312
567,414983,31.7229872588043,35.1043435660589,979285.152820312
568,414991,31.2872591385279,35.3804718566467,979437.242699219
569,414992,31.3284153238978,35.3853500239858,979450.134699219
570,414993,31.3492979746676,35.3853203549941,979450.134699219
571,414995,31.3859970175563,35.3821381885742,979439.265875
572,414996,31.4074857391113,35.3845657192172,979430.922527344
573,414997,31.4168406700368,35.3771606283273,979430.922527344
574,414999,31.7293818023459,35.4549285804179,979390.666996094
575,415001,31.6595517120826,35.4292186007679,979375.87028125
576,415002,31.6528447041365,35.425475967902,979375.87028125
577,415003,31.6095353123645,35.4078213390966,979379.516695313
578,415012,31.7731802482517,35.5051490768452,979404.744125
579,415014,31.6776614591057,35.4389433523366,979379.144605469
580,415015,31.6228342435048,35.409484260567,979379.539816406
581,415016,31.5354922536625,35.3929774861591,979383.316589844
582,415017,31.4841194451671,35.3966573220768,979392.640820312
583,415086,32.3234178959468,34.8891614503439,979249.684960937
584,415131,32.0367100411655,34.7609268245073,979205.301867187
585,415188,31.4987874734279,34.9339243064898,979334.236214844
586,415198,31.5130085654965,34.9351616087006,979334.084757812
587,415232,32.1042833786938,34.7926743293499,979191.856082031
588,415247,31.2571229839146,35.3693815786328,979442.362570313
589,415248,31.2661496217635,35.371272780975,979442.362570313
590,415249,31.2772815494691,35.3687235909514,979437.242699219
591,415250,31.2838146199307,35.3731771917231,979437.242699219
592,415251,31.2895448635448,35.3820563255889,979437.242699219
593,415252,31.2987609565109,35.3851672876926,979437.242699219
594,415253,31.308631259153,35.3833478359405,979444.340582031
595,415254,31.3142048488809,35.3834791846382,979444.340582031
596,415265,31.701131396285,35.449162265391,979388.4625625
597,415266,31.6432836629886,35.4178784116115,979375.87028125
598,415267,31.7165881048427,35.4504819540129,979390.666996094
599,415269,31.7578170636044,35.4919939097879,979401.591609375
600,415270,31.7686270179566,35.4973054296758,979404.744125
601,415276,31.2321981354021,35.3588421369812,979374.279632813
602,415277,31.2367930457454,35.3628383283137,979374.279632813
603,415278,31.2488709020987,35.3618506917661,979364.907804688
604,415344,31.9795432702421,34.7402690269513,979233.845273437
605,415345,31.9906754207184,34.7500843938789,979233.862085938
606,415351,31.9564529467066,34.7401017048413,979243.202574219
607,415385,32.1321572424654,35.5124975927394,979228.924546875
608,415449,31.9254168581218,34.8775154543047,979302.345238281
609,415556,31.7868653579451,35.2028819507875,979303.739507812
610,415568,31.7836351742261,35.2245996699109,979322.576929688
611,415631,31.7648113394791,35.1724393955533,979271.405316406
612,415664,31.9185525104565,34.8669220897,979280.21075
613,417768,32.1050311965145,34.7946945474643,979187.428019531
614,419396,31.9407248751663,34.872205123609,979302.345238281
615,419400,31.9559203532639,34.8540766548262,979287.885230469
616,419401,31.960447398656,34.8521099405243,979287.885230469
617,419405,31.9869608971066,34.9080638186334,979297.34715625
618,419409,31.9821501711065,34.834950105184,979235.758621094
619,419421,32.0274131299757,34.8963139033892,979228.055546875
620,419424,31.9899442131863,34.8296387523912,979235.758621094
621,419425,31.9513847096146,34.8937544243254,979298.030765625
622,419426,31.977689932702,34.9047854509677,979297.34715625
623,419429,32.010719491729,34.8139537543286,979213.721910156
624,420337,31.2248069974024,35.3549783415772,979374.279632813
625,420356,31.2369919335907,35.362525482545,979374.279632813
626,420914,32.7629915077942,35.0514283776647,979205.814667969
627,420915,32.757361080977,35.0573799564208,979230.593492187
628,420916,32.7435028320464,35.0718108106373,979223.605910156
629,421114,32.2726279828867,34.8539094566307,979242.72575
630,421115,32.267925980284,34.8518907925104,979242.72575
631,421116,32.2671591919542,34.846656018467,979242.72575
632,421976,32.9322546785945,35.0731337689858,979225.897238281
633,422206,31.4421565444677,34.7641217172095,979369.114800781
634,422710,31.7871611601271,35.2027763626826,979303.739507812
635,446765,30.5900939211734,34.5416806348565,979493.702867188
636,446768,30.7805467288703,34.4645764091214,979480.100015625
637,446788,32.0538594629882,35.4614381207455,979307.779285156
638,446803,30.5080518903748,34.5525771568132,979503.764792969
639,446820,30.4321636649491,34.5657848355671,979516.962582031
640,446837,30.8667291794151,34.4229527287936,979467.932871094
641,446847,30.1210558164213,34.7191557374498,979591.397222656
642,446853,30.3434402028824,34.6337624946231,979533.137558594
643,446870,32.259758038618,34.8412062587644,979233.367144531
644,446876,31.7025894858807,34.9490583100413,979280.786542969
645,459658,31.2344606013856,34.361352374233,979431.04425
646,459659,31.2696192504458,34.4324642928389,979426.975226562
647,459661,30.8152991285528,34.4289339187186,979471.50671875
648,459662,30.7373695175144,34.4711570795211,979480.972417969
649,459663,30.6647803117751,34.5022758378934,979488.634125
650,459664,30.5437044727715,34.5182653639866,979499.453886719
651,459665,30.2873687612491,34.6553220561782,979551.640109375
652,459666,30.1923980488478,34.6814720091301,979575.470167969
653,459667,30.9637248688256,34.7110443433293,979473.60174375
654,459670,30.9461506277199,34.5981110088296,979472.2966875
655,459672,30.9135584051316,34.5412626129593,979471.527414062
656,459693,32.4024566816485,35.4950836463457,979037.146421875
657,459696,31.3422357070323,34.8694161327444,979359.674371094
658,459714,32.501265642257,35.072882788347,979245.292746094
659,459716,31.742222428406,35.025860423808,979268.866214844
660,459720,32.1129375439621,35.4920744507871,979276.645824219
661,459728,31.988176364352,34.7538733230767,979233.862085938
662,459729,31.954124528816,34.7562689739621,979245.551988281
663,459730,31.9332447846479,34.7400929503136,979256.340777344
664,460150,31.2022584491348,34.2745273188562,979430.090445312
665,460151,31.1529515046964,34.292542094681,979429.438378906
666,460152,31.1391010809035,34.2988152790171,979430.284429687
667,460153,31.1050023423,34.3108137409295,979433.556941406
668,460154,31.0702813881629,34.3234007157275,979435.445265625
669,460155,31.0216675399654,34.3419225947913,979440.474824219
670,460156,30.9382467191023,34.3735678571842,979453.149976562
671,460721,31.7704126837802,35.1580316926269,979281.686753906
672,460723,31.7684262585987,35.1368978564639,979274.188484375
673,461403,31.8245219902065,34.911175066327,979252.391835938
674,461803,32.0872318687488,34.7674705919812,979191.856082031
675,461804,32.337116353045,34.9802211400636,979243.857570312
676,461828,31.770512456889,35.1492321006876,979274.188484375
677,461830,32.0225703653032,34.8046823565321,979213.721910156
678,461832,32.1844222266132,34.8535481990298,979232.543847656
679,461833,32.321404957626,34.9252737182327,979249.148601562
680,464909,31.5156273333185,34.7812691982677,979359.325898438
681,468025,32.2872723582013,35.1282112938425,979291.719851563
682,468027,32.1309401058523,34.7921307430035,979185.365148437
683,468706,32.0235517027075,34.7694942759253,979215.207054687
684,468993,31.7605562075422,34.7854668812765,979314.9120375
685,469008,32.6918402540513,35.1084083309773,979236.79715625
686,469012,31.3674257367132,34.8789480097353,979339.329667969
687,470752,32.314099674059,34.9682677876145,979244.690871094
688,475645,32.7115039213218,35.5774415940487,978993.402257812
689,475904,32.9225044878673,35.0882439502297,979229.84353125
690,476667,30.8833807494623,34.3968659023468,979466.283769531
691,476867,32.3005913325759,34.8565867756548,979246.215007812
692,478246,32.6717665899992,35.4038488410736,978981.085769531
693,478250,31.7282773533217,35.0805555381241,979285.152820312
694,481805,32.6057989390213,35.5451856674041,978979.772972656
695,485512,31.6872202430727,34.9462181941954,979292.361074219
696,485526,31.7199874797017,34.9659088885453,979269.821539062
697,486296,31.7944214910686,35.1862617136061,979342.661070312
698,486297,31.7940692178359,35.1827033595405,979306.583902344
699,486298,31.7951673973142,35.1728302113188,979306.583902344
700,486854,31.7198650828711,35.1115277195634,979288.385261719
701,486856,31.7303985542247,35.1177713195127,979288.385261719
702,486857,31.7352372121009,35.1190893020775,979288.385261719
703,486858,31.7458444662425,35.1008026681141,979285.8330625
704,486859,31.7497297502373,35.1086220900396,979284.905296875
705,486860,31.7591816512723,35.1224186328838,979284.905296875
706,486861,31.7532725227793,35.1167474397679,979284.905296875
707,486862,31.7224463869858,35.093717197725,979285.152820312
708,488698,31.7853317887764,35.2150871683506,979322.576929688
709,488699,31.7856476172176,35.2126060368769,979322.576929688
710,488700,31.7867299997683,35.2091958069127,979322.576929688
711,488701,31.7833474965913,35.2176736251486,979322.576929688
712,488702,31.7818952814784,35.2199010994277,979322.576929688
713,489761,32.8578893219955,35.0942266726041,979233.728679687
714,490117,31.8062093468589,35.4617581603721,979396.059332031
715,490118,31.7894501452592,35.4985916371852,979404.744125
716,490129,31.4595885005378,35.3964914456058,979398.620285156
717,490130,31.8098041295624,35.4479276620815,979396.059332031
718,490618,31.142682676946,35.3799712545004,979438.239175781
719,490631,31.1480187570556,35.3745278167897,979438.092644531
720,491213,31.1477417989447,35.3697035970871,979438.092644531
721,492408,31.6901414792729,35.0368157082668,979273.318449219
722,492409,31.6958741333558,35.0502302950823,979273.318449219
723,492410,31.6957662797057,35.0660633008812,979276.850835938
724,492411,31.6995926445672,35.0767177108571,979276.850835938
725,492412,31.6995617427874,35.0770471371221,979276.850835938
726,492413,31.7035152471764,35.087037697388,979276.739859375
727,492414,31.7105089951952,35.0926582577468,979276.739859375
728,492452,31.7673981352079,35.1651574668134,979271.405316406
729,493045,31.684249565945,35.022396194019,979267.864003906
730,493046,33.2509296854909,35.6732640625921,979040.129019531
731,493691,33.2944366747399,35.7801232452302,979030.12390625
732,493694,33.2958157167154,35.7626525573771,979030.975957031
733,493695,33.2908007503523,35.7603082649135,979030.975957031
734,493696,33.2774352940647,35.7570448141949,979030.975957031
735,493698,33.2607164360704,35.7367631454874,979032.842902344
736,493699,30.6509010913625,34.7946555133696,979503.710214844
737,493700,30.6434997099392,34.774916241262,979501.965304687
738,493959,33.2587403446274,35.7580769390484,979031.798777344
739,493961,33.2646727217171,35.7617277405364,979031.798777344
740,494437,31.7842242958289,35.2984635442016,979378.413839844
741,494439,31.769957922934,35.2974462483653,979378.413839844
742,494442,31.7974399512264,35.3053828399081,979375.3583125
743,494443,31.7930141107066,35.3025904532064,979378.413839844
744,495194,33.2368352498601,35.7174384820543,979035.8585625
745,495815,31.7382645862399,34.8216130543007,979306.508351562
746,495820,31.7910842719582,35.256636623969,979339.683839844
747,495821,31.7839939739613,35.2609402883097,979361.779320312
748,495822,31.7984635001066,35.31095942745,979375.3583125
749,495824,31.8145514691544,35.3484076312777,979374.064984375
750,495826,31.800884062386,35.4037130090876,979379.195074219
751,495828,31.7834727178501,35.2900058985808,979378.413839844
752,495830,31.8004544959715,35.413047153324,979379.195074219
753,495831,31.8167057438637,35.3720363139765,979376.464410156
754,495832,31.8142331205822,35.3900921086429,979376.464410156
755,495843,32.1081271139237,34.8011860445545,979189.885101562
756,496513,31.8048940596375,35.3265095174654,979371.638539062
757,496514,31.7890335111803,35.2768487456151,979361.779320312
758,497620,31.7993560919253,35.4372590771108,979386.72725
759,497621,31.9709063705977,35.4703709363104,979354.991300781
760,499337,31.3609845053345,34.8977219644895,979320.715722656
761,500252,31.3647829498866,34.8547603626287,979352.563972656
762,500874,32.8421471913502,35.0889255262586,979233.728679687
763,501051,30.5874999412466,34.6881305968496,979501.590980469
764,501052,30.5720007652504,34.6806135079039,979503.278519531
765,501053,30.4331221452519,34.5657100567828,979516.962582031
766,501054,30.5079318799603,34.5525752383755,979503.764792969
767,501055,30.5524975924931,34.5240655402379,979496.173367187
768,501989,32.2533232826632,35.5518350633595,979009.976796875
769,504166,32.5990515591741,35.2610206759386,979186.087617188
770,504167,32.6031294359965,35.2789121474871,979186.087617188
771,504169,32.6157925655785,35.3001419564226,979112.095027344
772,504172,32.6226019740895,35.3159787630257,979054.347414062
773,504173,32.6496039754043,35.3723035426945,979025.9721875
774,504174,32.582084377129,35.2155322077685,979237.633164063
775,504176,32.434014419709,35.4854954209463,979060.492316406
776,504177,32.4119395376825,35.4932249684079,979061.196855469
777,504178,32.3720329025549,35.5043702728022,979008.818609375
778,505717,31.3017160705921,34.4350853971392,979428.298292969
779,505719,30.2581175392962,34.6540653838772,979557.9514375
780,505726,30.0776669270703,34.7339764009529,979597.934925781
781,507135,32.0550413934449,34.7562893445802,979198.752355469
782,508546,32.4486367600532,35.4832892160923,979038.4323125
783,508547,32.4752338020074,35.4967092535244,979018.47921875
784,508548,32.4919818100301,35.5022197104479,979018.47921875
785,509834,32.2291556285262,34.9827943766445,979286.087894531
786,509848,32.2762466186946,35.0050322216498,979262.582125
787,512452,31.7372308623455,35.0664790534574,979284.055671875
788,512454,31.8105076570982,34.9357418255947,979264.445714844
789,512455,31.7534992169215,34.8010737736771,979307.94061942
790,512456,31.746038991217,34.8338144605557,979298.293005022
791,512765,31.1467230460053,35.3428789691663,979399.028535156
792,512766,31.4478113706962,35.3893558447346,979422.969855469
793,512767,31.5229879607915,35.3922096477957,979387.594648438
794,512768,31.5561377073422,35.4002805084192,979383.316589844
795,514542,30.9820008289982,34.7522196193049,979477.18171875
796,514548,30.9552386159211,34.6821616881318,979472.465707812
797,514549,30.9568074610906,34.6701155243932,979472.465707812
798,514552,30.9669529578371,34.6405165769593,979469.886298437
799,514553,30.9675893310766,34.6328312331846,979468.700629687
800,514557,30.951144010002,34.6062433550415,979472.2966875
801,514559,30.931987276174,34.5796194485055,979473.047753906
802,514560,30.9272073221541,34.5741054676362,979473.047753906
803,514561,30.921905069132,34.5669739116185,979473.047753906
804,514563,30.9134069076502,34.5258145444362,979469.270667969
805,514567,30.9050528664258,34.4967949789119,979469.4328125
806,514569,30.9024705023671,34.4799844953563,979468.369570313
807,514571,30.9030157617726,34.4507039047784,979467.195738281
808,514573,30.8984389002466,34.4316623657358,979467.195738281
809,514574,30.8879131482288,34.4181411074227,979465.434136719
810,514917,30.8814682034192,34.4069731484345,979467.932871094
811,514918,30.8988993734494,34.3891214621739,979462.923679688
812,516200,31.7498631105058,35.0371896450941,979281.144488281
813,516201,31.7475836251156,35.0496229756773,979281.144488281
814,516202,31.745613546942,35.0152057035218,979268.866214844
815,516203,31.7454007964941,35.1076320805847,979284.905296875
816,523380,32.7173278719562,35.4606099870367,978955.146523437
817,523381,32.7150842269601,35.4945007707944,978971.506246094
818,523828,31.7517805532004,35.0105408340197,979268.866214844
819,523829,31.7444930958226,35.0307922831591,979281.144488281
820,524262,31.9280777965492,35.4662172045186,979360.339097656
821,524263,31.9356314670496,35.4667180103857,979360.339097656
822,524264,31.9598241903155,35.4694377648443,979354.991300781
823,524265,32.0215555524108,35.4457697798736,979325.819167969
824,524604,32.0820457146609,35.4964788239092,979266.203046875
825,524605,32.1477102394658,35.5191162652287,979228.924546875
826,524606,32.1786078150318,35.5366840212564,979088.207683594
827,524607,32.2181359776538,35.5493048840891,979003.050351563
828,524608,32.3355171791988,35.5392522242764,978980.780277344
829,524609,32.4182286730847,35.491729302564,979060.492316406
830,524610,32.687951651283,35.5829918841507,979005.95021875
831,524611,32.4561941407841,35.4900860622576,979038.4323125
832,524612,31.7998923852647,35.489917171854,979401.642339844
833,524613,31.7472441716961,35.4771015512834,979401.591609375
834,524888,32.7149845561103,35.5202118271704,978971.506246094
835,524889,32.1915137797311,34.8872446625611,979242.161367188
836,525110,31.1437673125473,35.3640151716353,979403.593230469
837,525111,31.200449769806,35.3595250098407,979385.521507812
838,525112,31.1812456663615,35.3613190279225,979394.427203125
839,525113,31.1572680040614,35.3627719170999,979399.028535156
840,525717,31.811114860731,35.4962460448106,979403.560796875
841,525718,31.8281956685334,35.5115104081254,979403.978941406
842,525722,31.8696974298523,35.5078541771808,979404.66025
843,525723,31.8782388280914,35.4918389701082,979398.73778125
844,525724,31.7195537938268,35.1030400272964,979285.152820312
845,525725,31.7209645969001,35.0946991287923,979285.152820312
846,526153,31.8486701257466,35.513997683,979404.66025
847,526154,31.8038836585916,35.1001232296523,979285.462914063
848,526155,31.8010201859399,35.0875010288143,979285.462914063
849,526285,31.3088491164176,35.3816885218223,979444.340582031
850,526286,32.1933075864289,34.8559379740899,979232.543847656
851,526287,32.0538584820524,35.4614282280655,979307.779285156
852,526290,32.19375194991,34.8593207265077,979232.543847656
853,526293,32.6009424233941,35.1638827194859,979241.214285156
854,528598,32.6906281106131,35.4204161775076,978943.350800781
855,528599,32.6901284410415,35.4194382194871,978943.350800781
856,528600,32.6396724627834,35.3440774180462,979036.944847656
857,528601,32.6394481629189,35.3437345663455,979036.944847656
858,528603,32.6589897204824,35.1148529611379,979236.123800781
859,528604,32.6718369855741,35.1073308430683,979236.123800781
860,528605,32.6720536583967,35.1072612367421,979236.123800781
861,528606,32.6838673848351,35.1206459991623,979236.79715625
862,528608,32.7285721722573,35.0915250759398,979235.158714844
863,528750,31.8076107477682,35.1115108184172,979272.677253906
864,528753,32.890233042042,35.0948383955004,979228.734539062
865,528754,32.8906882541338,35.094261685876,979228.734539062
866,528755,32.9073940028699,35.087094281166,979228.734539062
867,528756,32.9196078522241,35.0972696851797,979229.84353125
868,528900,31.8097339127095,35.0192392959742,979297.66628125
869,528901,31.7774840231068,35.0112061909264,979280.264847656
870,529038,31.7954076197552,34.9770858111193,979291.408246094
871,529039,31.7465065516877,34.8737879155186,979282.360969271
872,529040,31.748836890778,34.8781432210651,979282.360969271
873,529041,31.7412899814171,34.8523320736387,979300.656222656
874,529042,31.717498431753,34.9173009270901,979282.143496094
875,529043,31.7605625715988,34.7932337814844,979314.9120375
876,529044,31.7082185812628,34.9496665127732,979276.611929687
877,529045,31.7249702451889,34.9120270430038,979282.143496094
878,529046,31.6872479369903,34.946355438931,979292.361074219
879,529047,31.6891009362294,34.9585312386479,979289.497460937
880,530321,32.6507554682418,35.1179738677375,979236.123800781
881,530322,31.1504783601855,35.3619824830295,979399.028535156
882,530816,31.6742441717549,35.4385445786081,979379.144605469
883,530817,31.8031729450399,35.4743511149834,979401.642339844
884,530818,31.7998023920171,35.4898324174316,979401.642339844
885,530819,31.7842840045732,35.5007227634096,979404.744125
886,530820,31.7587788715083,35.4933901506687,979401.591609375
887,530821,31.7480887032588,35.4785921185332,979401.591609375
888,530822,31.6915699541419,35.4475323160037,979388.4625625
889,530823,31.6686329063259,35.4345445411605,979379.144605469
890,530824,31.6336374130267,35.4156954850932,979379.539816406
891,530825,31.6083179078471,35.4072078209728,979379.516695313
892,530826,31.5915004055963,35.4057806009562,979379.516695313
893,530827,31.5815420437705,35.4068969686763,979380.169
894,530828,31.5636014114627,35.4084592129693,979380.169
895,530829,31.5449158488121,35.3960341574704,979383.316589844
896,530830,31.5358463804565,35.393772754533,979383.316589844
897,530831,31.5037852715735,35.3933922960904,979392.640820312
898,530832,31.3991682545191,35.3860113635951,979439.265875
899,530833,31.3779401106082,35.3842780323245,979446.760015625
900,530834,31.3579053206558,35.3868673836453,979446.760015625
901,530835,31.3511307603325,35.387779118115,979450.134699219
902,530836,31.3435550027648,35.3876383174717,979450.134699219
903,530837,31.3279898111992,35.3864944422574,979450.134699219
904,534519,31.762138316737,35.1194443728311,979284.905296875
905,534520,31.7528564057415,35.1066703761087,979284.905296875
906,538570,31.4643497467149,34.7687432532953,979354.224335937
907,538572,32.0185156150174,34.7428236186667,979219.860148437
908,538576,32.0046825287038,34.74543287237,979219.860148437
909,538582,32.0015809299595,34.7480939945213,979219.860148437
910,538583,32.0254946142817,34.7450644922294,979219.860148437
911,538632,31.1163633939967,35.3905046110487,979447.026582031
912,538633,31.1307573896218,35.3869407651832,979438.239175781
913,538634,31.1234060652663,35.3880339893694,979438.239175781
914,538635,31.1354232362739,35.3844605230765,979438.239175781
915,538636,31.1396214841286,35.3824616656763,979438.239175781
916,538637,31.1476702435929,35.3696445476619,979438.092644531
917,538638,31.1191066133195,35.3897397631546,979438.239175781
918,539100,32.0287690732243,34.749079225914,979205.301867187
919,539103,32.007445744106,34.7414926802915,979219.860148437
920,539105,32.0419692645561,34.7472585204496,979205.301867187
921,539106,31.993581324118,34.7441643874233,979233.862085938
922,539107,31.9964899833385,34.7349095779659,979233.845273437
923,539108,32.0021960761277,34.7364901377204,979222.706109375
924,539109,32.0483237537885,34.7471798403185,979205.301867187
925,539110,32.0379041746901,34.7468522076194,979205.301867187
926,539406,31.4196157348292,34.7852340137692,979367.786890625
927,539407,31.4021403306842,34.7884822191566,979372.752707031
928,539411,31.552912610818,34.9304088038556,979334.497140625
929,539412,31.5631889227107,34.93307754663,979332.4918125
930,539413,31.573855480078,34.9354404881494,979332.4918125
931,539414,31.5843918711539,34.9403647150718,979332.4918125
932,539415,31.5890124138243,34.9555815390016,979320.811773437
933,539420,31.6127999535561,34.9589247435462,979310.670867187
934,539421,31.6224724434063,34.9691047952993,979310.670867187
935,539427,31.6351033835275,34.9196584070391,979313.290707031
936,539428,31.6603044375116,35.0065748915406,979278.804035156
937,539429,31.6526055787224,34.989673033139,979295.356015625
938,539430,31.646605364264,34.980855821061,979295.356015625
939,539431,31.6354936146363,34.9759835191089,979306.84140625
940,539432,31.6056270189249,34.959686578898,979320.811773437
941,539508,31.4342163602998,34.7739491783768,979358.855476562
942,539880,32.1874075004273,34.8154600895113,979229.285914063
943,539882,32.1747016992312,34.8085481292822,979222.788949219
944,539883,32.1786730489113,34.8524598598126,979244.29953125
945,540303,32.0111655463224,34.74270170301,979219.860148437
946,540304,32.0210077840556,34.7461982962073,979219.860148437
947,540305,32.0146813255283,34.7423665508129,979219.860148437
948,540306,32.0289555118106,34.7497684996878,979205.301867187
949,541599,30.5260636486197,34.6378495763109,979503.585558594
950,541869,32.0089922001668,34.846400932957,979227.332226563
951,542522,31.2130158044527,34.2739070268006,979430.481820312
952,542523,31.2081274415368,34.2876900079032,979430.090445312
953,542524,30.8151187218855,34.4271782770846,979471.50671875
954,542525,30.5819930820064,34.5399247058532,979493.702867188
955,542526,30.4193874230199,34.5534871393382,979515.578199219
956,542527,30.4038086842496,34.5734765697406,979521.286488281
957,542528,30.3846937089116,34.5959994386595,979526.645355469
958,542529,30.3787252479071,34.6203493733204,979527.6188125
959,542530,30.3653562044939,34.646933386666,979528.007171875
960,542531,30.3535450205887,34.6397509549572,979533.549828125
961,542532,30.3004446711183,34.6380595609383,979543.682132812
962,542533,30.2374964104562,34.662574301682,979557.9514375
963,542534,30.2148170008412,34.670841433909,979567.807695313
964,542535,29.8432749953356,34.8378415254765,979640.03525
965,542536,30.6480426500666,34.5068209616793,979489.9916875
966,542537,30.6422510653177,34.5066434672257,979489.9916875
967,542538,30.1031397530782,34.7260956104311,979593.999876674
968,542539,30.032532390338,34.7429914761045,979601.577171875
969,542540,30.017993420007,34.7488636077178,979605.05959375
970,542541,29.9852953471931,34.7600488201521,979609.265855469
971,542542,29.9683212562706,34.7663407124741,979619.882019531
972,542543,29.954346069154,34.7712086296317,979623.617058594
973,542544,29.9233760657142,34.7818851230515,979643.270480469
974,542545,29.8647842248824,34.8047363479206,979642.354554687
975,542546,32.1343852249164,34.8330236356979,979231.707019531
976,544429,31.2447193856173,34.3800772544024,979432.253003906
977,545341,32.0544926889548,34.7775966462707,979200.589972656
978,545955,32.1747744402426,34.9114578853549,979262.818542969
979,545961,32.1726144060825,34.9212403069163,979262.818542969
980,545972,32.1790724702729,34.9449843445568,979265.616179687
981,545977,32.6623730666608,35.3921297874575,978981.085769531
982,545978,32.6327699688822,35.1293635016409,979235.908871094
983,547311,32.1762419901313,34.9355812059004,979265.616179687
984,547312,32.0865787984536,34.7697786232035,979191.856082031
985,548593,32.7199750835597,35.5708376900591,978977.737660156
986,550120,32.7223571989164,35.1020758178824,979234.767984375
987,553724,32.740784896568,35.082740423847,979235.158714844
988,553725,32.7767646946821,35.0398474464812,979205.814667969
989,553726,32.68084874946,35.1198619579984,979236.79715625
990,555335,30.9768616594312,34.3590551092221,979447.936703125
991,562067,30.9683575240812,34.7216491414367,979475.570320313
992,562068,30.9050780867141,34.4626537999093,979468.369570313
993,562069,30.9163865573592,34.5438703863302,979471.527414062
994,562070,30.8893885588744,34.395581449476,979462.923679688
995,562071,30.5521735695982,34.654029249898,979502.086046875
996,562072,30.6470589928822,34.7834779058618,979501.965304687
997,562073,30.6327699223254,34.763940466669,979499.933742187
998,562074,30.6182106312515,34.750479797002,979502.315507812
999,562075,30.6049599759523,34.7301345748392,979501.064582031
1000,562076,30.593757411764,34.7107750102642,979502.69075
1001,562077,30.5657298911815,34.6712243934955,979503.278519531
1002,562078,30.5965206075393,34.6951938344292,979502.69075
1003,562079,30.4995084709547,34.5938070201945,979505.075144531
1004,562080,30.4993619264623,34.5743815558916,979504.529582031
1005,562901,32.8077389315534,35.0644229217169,979245.202472656
1006,562902,32.8240103757351,35.0796862771905,979236.705082031
1007,562903,32.8806046392,35.0969487241492,979231.140039062
1008,562904,32.9272940826503,35.0709771072627,979225.897238281
1009,562905,32.6309552363756,35.5551739757217,979006.1346875
1010,562906,32.5324215157325,35.5362902877395,978999.346667969
1011,562907,32.524411746522,35.5303217091162,978999.346667969
1012,562908,32.4563733281645,35.4905971371726,979038.4323125
1013,562909,32.3514959583469,35.5364565591374,978976.389898438
1014,562910,32.3163448767303,35.543485581011,978980.780277344
1015,562911,32.2807729055641,35.5492338967245,979011.062734375
1016,562912,31.8856394503551,35.468429376357,979396.065054688
1017,562913,32.0047677886227,35.451096403497,979325.819167969
1018,562914,32.0343507367468,35.4547958048207,979315.257085938
1019,562915,32.0494706951866,35.4643457432174,979315.257085938
1020,562916,32.0628776173337,35.4817515536211,979301.819695313
1021,562917,32.0995853758031,35.4960227680528,979266.203046875
1022,562918,32.1258057369716,35.5103201756183,979263.739734375
1023,562919,32.1955479465898,35.5444653691489,979020.361074219
1024,563538,32.0220216550464,34.954274921279,979277.998050781
1025,563539,32.0215397715577,34.9417274930694,979282.747058594
1026,563540,32.01742694413,34.9300528108386,979282.747058594
1027,563541,31.9247385680708,34.8130274613614,979271.377847656
1028,563542,32.0175884826616,34.9216863340227,979275.312683594
1029,563543,31.920921500312,34.7786269970848,979265.786609375
1030,563544,31.9462961590283,34.8173887682817,979271.377847656
1031,563545,32.0234025069477,34.7577030671246,979219.860148437
1032,563546,32.0337691771874,34.766915842578,979205.301867187
1033,563547,32.0232654542047,34.7701730803855,979215.207054687
1034,563548,31.9513406207263,34.7428213598435,979245.551988281
1035,563549,31.9966550750405,34.7450284101577,979233.862085938
1036,563550,31.969855615328,34.7381585954572,979243.202574219
1037,563551,31.9433292921478,34.744394929497,979258.006089844
1038,563552,31.9778540487182,34.755522191318,979233.862085938
1039,563553,31.9655338383925,34.7576238031529,979245.551988281
1040,563554,32.0350753879962,34.8470393737012,979211.108234375
1041,563555,32.0350670845688,34.8538081975043,979211.108234375
1042,563556,32.0493224440248,34.7635489421164,979205.301867187
1043,563557,32.0277740932751,34.8808540290541,979228.055546875
1044,563558,32.0392079124294,34.7777734424106,979207.899015625
1045,563559,32.0257373691641,34.8617789202445,979227.332226563
1046,563560,31.9984100216141,34.8019313180642,979225.138941406
1047,563561,31.9364492262716,34.8002769764235,979271.377847656
1048,563562,32.0380042862753,34.8307241348794,979205.297703125
1049,563563,32.0425533524578,34.8200017542621,979205.297703125
1050,563564,32.0455609590219,34.8068815133271,979208.192125
1051,563565,32.0471212860582,34.7984149944451,979208.192125
1052,563566,32.0475414418441,34.7889262946853,979207.899015625
1053,563567,31.9843458889487,34.9518612296242,979300.411246094
1054,563568,31.9842936051606,34.9348080469434,979303.194988281
1055,563569,31.9841997425496,34.9170827526664,979297.34715625
1056,563570,32.0199001996847,34.8612104330312,979227.332226563
1057,563571,31.9788001591752,34.7925267183995,979226.774664063
1058,563572,31.9538695169328,34.8957345925881,979298.030765625
1059,563573,31.9640206218828,34.9026077882927,979303.743480469
1060,563574,32.0440935025248,34.7695534811747,979207.899015625
1061,563575,32.0305077845823,34.7948467048357,979208.192125
1062,563576,31.9746999836629,34.8402607098822,979267.796667969
1063,563577,31.9987370854559,34.8230310265118,979235.758621094
1064,563578,31.9886712236692,34.7969796411227,979225.138941406
1065,563579,31.9248994864984,34.8151818738185,979271.377847656
1066,563580,31.9567671075829,34.7702746869799,979242.997078125
1067,563654,31.619868297527,34.7694115608957,979336.254730469
1068,563655,31.6072342373842,34.7886386459174,979339.242960937
1069,563656,31.6012532155852,34.8050610726898,979335.486257812
1070,563657,31.6172979644192,34.7487039105171,979342.148933594
1071,563658,31.5546535187619,34.7636901459702,979358.966296875
1072,563659,31.5456312514531,34.7652489960318,979358.966296875
1073,563660,31.6125988051452,34.9590481506956,979310.670867187
1074,563661,31.41115025327,34.8863991904972,979334.819867187
1075,563662,31.4240530830769,34.8924557333534,979334.819867187
1076,563663,31.4419124652378,34.9008331220935,979341.106207031
1077,563664,31.4541120662395,34.9073061182498,979341.106207031
1078,563665,31.4659288364896,34.9242619318435,979332.430839844
1079,563666,31.4817133565826,34.9334022184125,979332.430839844
1080,563667,31.3692111940836,34.8354243293331,979359.217933594
1081,563668,31.3968872471014,34.8811270231229,979331.219035156
1082,563669,31.3280117372046,34.8783787248799,979347.610027344
1083,563670,31.3109761170419,34.897177935011,979348.222525
1084,563671,31.3150208427162,34.9105379721168,979348.222525
1085,563759,32.1096280440521,34.935155685078,979252.556160156
1086,563760,32.1070457745784,34.9422512691827,979252.556160156
1087,564905,33.248295946261,35.6913608009584,979037.7589375
1088,564906,33.2517601655331,35.7197254961858,979034.769292969
1089,564907,33.2574820549946,35.7300076822259,979032.842902344
1090,564908,33.2590938578222,35.7439674751708,979032.842902344
1091,564909,33.288399971631,35.7391300894673,979031.735285156
1092,564914,33.3001618162945,35.7721775259648,979030.74921875
1093,565065,32.3276102048505,34.9058636241587,979250.684492187
1094,565070,32.3424706509847,34.894805932216,979250.410859375
1095,565071,32.3340443129761,34.8870492282185,979249.684960937
1096,565072,32.3656574058008,34.8728023258469,979252.30325
1097,565073,32.3397283409944,34.8738072153846,979250.410859375
1098,565074,32.3527687152917,34.9022561475555,979247.441867188
1099,565075,32.383404733514,34.8666854177657,979252.465160156
1100,565298,31.9923117880478,34.8686422864225,979258.9216875
1101,565469,32.3689642384323,34.8629774326162,979252.465160156
1102,565470,32.3516471928519,34.8800994048685,979250.410859375
1103,565471,32.3872409686839,34.8654160391588,979252.465160156
1104,565640,32.2308274404017,34.8309015705412,979229.757925781
1105,565880,32.3947384832436,34.9514120839321,979235.899003906
1106,565881,32.3967333961288,34.9268883108281,979237.407285156
1107,565894,32.3240661761259,35.0004740487193,979243.857570312
1108,565895,32.311933786245,34.9874401986858,979247.904441406
1109,565896,32.3136218533615,34.9992868936359,979243.857570312
1110,565897,32.3443099832524,34.9788755910033,979242.193507812
1111,565898,32.3454733730039,35.0057692344266,979251.524738281
1112,565899,32.3572082433546,34.9964475734822,979242.193507812
1113,565964,31.4354393353119,34.7733084891103,979358.855476562
1114,565965,31.4308242509265,34.7781090127873,979358.855476562
1115,566021,32.7898294466385,35.027344138181,979222.251125
1116,566022,32.804777175493,35.0295992687878,979222.251125
1117,566024,32.8559736276402,35.0780841097428,979243.116496094
1118,566025,32.8548564892058,35.0664187659864,979243.116496094
1119,566026,32.8482271305484,35.0616539465623,979243.116496094
1120,566027,32.8390806965488,35.0565472902667,979243.116496094
1121,566028,32.8269859219657,35.061914631835,979245.202472656
1122,566029,32.8248095455455,35.0452733934667,979237.835265625
1123,566030,32.8196129490145,35.0532017072176,979245.202472656
1124,566031,32.8030264356236,35.0462756932413,979222.251125
1125,566032,32.7948483236617,35.0355195381782,979222.251125
1126,566033,32.8174266998337,35.0468612539443,979237.835265625
1127,566034,32.8159239002537,35.0386852762445,979237.835265625
1128,566035,32.807446801844,35.0293632650984,979237.835265625
1129,566070,32.3708405340873,35.002276389868,979252.556523438
1130,566071,31.9191584326469,34.8772288487868,979285.913648437
1131,566072,32.3927825425379,34.9222877754065,979246.969910156
1132,566073,32.4014655197866,34.9139700240699,979246.969910156
1133,566099,32.0594056590149,34.7664973769489,979198.752355469
1134,566100,32.0571431530924,34.7641785554718,979198.752355469
1135,566101,32.0567774706872,34.7627507858546,979198.752355469
1136,566286,32.0532834315918,34.7513636091909,979198.752355469
1137,566310,30.5175054562744,34.6321792711293,979505.947164062
1138,566311,30.5345891347027,34.6383302812362,979503.585558594
1139,566312,30.5050085967054,34.6149189912159,979505.947164062
1140,566313,30.5012455177717,34.5891608293791,979505.075144531
1141,566314,32.2092807748698,34.8279359811904,979229.757925781
1142,566315,32.2167126948202,34.8283827024331,979229.757925781
1143,566316,32.2250691162277,34.8304169706074,979229.757925781
1144,566317,32.3797562002689,35.0045572144302,979252.556523438
1145,566318,32.3982209040241,34.9916025416456,979245.476777344
1146,566319,32.3970791949224,35.0047741560283,979257.67871875
1147,566322,31.1280154673638,35.3874743398828,979438.239175781
1148,566388,31.617451877872,34.9242306468867,979311.724859375
1149,566389,31.6115169705545,34.9031307394322,979322.686300781
1150,566588,32.9190698009116,35.0689286449761,979225.897238281
1151,566724,32.9203009933111,35.0699204573812,979225.897238281
1152,566941,32.8187640210969,35.0341971004672,979237.835265625
1153,566942,32.8289318653436,35.0340194326424,979237.835265625
1154,566944,32.8202335461025,35.03852624528,979237.835265625
1155,566945,32.8314875689361,35.0236263166225,979213.492175781
1156,567304,32.4712397962963,35.0196562077112,979250.781796875
1157,567600,32.0932186735435,34.9409771860755,979240.904546875
1158,567767,32.0591612397377,35.4305791473854,979316.871621094
1159,567768,32.1199847515804,35.3287996589696,979321.787660156
1160,567769,32.1161837102936,35.2562085326878,979335.7068125
1161,567770,32.1250491226889,35.2185484221153,979339.978625
1162,567771,32.1099728522479,35.1402922742671,979329.112570312
1163,567772,32.1373418320979,35.1344302001443,979319.015875
1164,567773,32.1672699881696,35.1370726645348,979315.2529375
1165,567774,32.196633492901,35.1453677651135,979316.233679687
1166,567775,32.2167285063919,35.1759155031082,979318.99709375
1167,567776,32.2625920340955,35.1692850428085,979306.897453125
1168,567957,32.2700053661579,35.0949734389603,979293.064636719
1169,567958,32.2799418178059,35.0434468402065,979274.040324219
1170,567959,32.2908496621791,34.9976608087356,979247.904441406
1171,567960,32.2999404772784,34.998287831766,979247.904441406
1172,568025,32.2383138486981,34.833020547402,979233.367144531
1173,568026,32.2486080292645,34.8347337643767,979233.367144531
1174,568027,32.2618045651366,34.8381761503474,979236.781484375
1175,568028,32.2896422307819,34.8548132651546,979246.215007812
1176,568029,32.3011750228672,34.8591391291181,979246.215007812
1177,568030,32.3092776930077,34.8649262055256,979246.215007812
1178,568031,32.3204976567225,34.8680670722962,979247.612710938
1179,568187,32.714295895782,35.4969962434653,978971.506246094
1180,568252,32.4990931037982,35.4635455102789,978989.86440625
1181,568253,32.5233123190566,35.4315780511587,978982.438625
1182,568313,32.0523978009976,35.4590614823713,979315.257085938
1183,568314,32.0483878023364,35.4629454569034,979315.257085938
1184,568315,32.0529758179799,35.4388498778871,979323.777753906
1185,568316,32.0524331364788,35.4333971536707,979323.777753906
1186,568317,32.052355414146,35.4282760947348,979323.777753906
1187,568318,32.0530845366552,35.4235543898798,979323.777753906
1188,568319,32.0591934573918,35.4231623620056,979316.871621094
1189,568320,32.0569898487322,35.4275702184097,979316.871621094
1190,568321,32.0640676889865,35.4280218266232,979316.871621094
1191,568322,32.0661586997254,35.423319283474,979316.871621094
1192,568323,32.0651695418805,35.4177050557038,979316.871621094
1193,568324,32.0659858414215,35.4118370296309,979325.319746094
1194,568325,32.0668497693724,35.4056364458708,979325.319746094
1195,568326,32.066275234,35.400126130336,979325.319746094
1196,568327,32.065196840277,35.3947542060466,979325.319746094
1197,568328,32.068342730015,35.3913288751174,979325.319746094
1198,568329,32.0805574182525,35.3827824393797,979319.784414063
1199,568330,32.0868423692251,35.3765955158889,979319.784414063
1200,568331,32.0830508636207,35.3737759045623,979319.784414063
1201,568332,32.0790804428416,35.3743288212841,979328.671535156
1202,568333,32.0716999948705,35.3617706615557,979324.893753906
1203,568334,32.0737140370076,35.3532604217229,979324.893753906
1204,568335,32.0795846058947,35.353103973098,979321.319535156
1205,568336,32.0864957234718,35.3507714373891,979321.319535156
1206,568337,32.0924649646639,35.3481219563427,979321.319535156
1207,568338,32.0989486986551,35.3452794654239,979321.319535156
1208,568339,32.1086775596918,35.340886024953,979316.925929688
1209,568340,32.1147787147117,35.335800084565,979321.787660156
1210,568341,32.1194565159947,35.318919005654,979321.787660156
1211,568342,32.1202580666153,35.3113805045127,979325.596722656
1212,568343,32.1210461930114,35.3045724804348,979325.596722656
1213,568344,32.1193339997347,35.2951183110826,979325.596722656
1214,568345,32.1196636508021,35.2890625335424,979325.596722656
1215,568346,32.1199767108301,35.2827546820495,979330.314335938
1216,568347,32.1173629034059,35.2742957014961,979330.314335938
1217,568348,32.1161007858662,35.2649571548727,979330.314335938
1218,568349,32.1249567017375,35.2502838497361,979335.7068125
1219,568350,32.125689866482,35.2396505044881,979335.7068125
1220,568351,32.1257934909652,35.2313168448138,979339.978625
1221,568352,32.1252762601575,35.2239432313416,979339.978625
1222,568353,32.1227282449402,35.2068640009981,979340.509835938
1223,568354,32.1214111697023,35.2008317659405,979340.509835938
1224,568355,32.1184704133078,35.1929027869854,979340.509835938
1225,568356,32.1143691375743,35.1861888965733,979340.509835938
1226,568357,32.1123969671354,35.182525267239,979336.89865625
1227,568358,32.1109074435028,35.1743242239988,979336.89865625
1228,568359,32.1091108078593,35.1660112237492,979336.89865625
1229,568360,32.1095635811689,35.1585290590062,979336.89865625
1230,568361,32.1094079918956,35.1532247312222,979329.112570312
1231,568362,32.1095076299952,35.1465184374669,979329.112570312
1232,568363,32.1120948230172,35.1333395229396,979329.112570312
1233,568364,32.1190494599075,35.1333747832982,979329.112570312
1234,568365,32.1228460593385,35.1299228075213,979322.281390625
1235,568366,32.1284739684355,35.1288583538042,979322.281390625
1236,568367,32.1338931286041,35.129791500298,979303.655121094
1237,568368,32.1401511765275,35.1379957071311,979319.015875
1238,568369,32.1442075912287,35.1378510979675,979319.015875
1239,568370,32.1495112676219,35.1349587351054,979319.015875
1240,568371,32.1546323227824,35.1334978706507,979319.015875
1241,568372,32.1538525307931,35.1268718977869,979303.655121094
1242,568373,32.1612009461992,35.1271497053802,979296.459691406
1243,568374,32.1639875166137,35.1321055762124,979315.2529375
1244,568375,32.1725879741224,35.1402252930631,979315.2529375
1245,568376,32.1776184976768,35.1417013065019,979315.2529375
1246,568377,32.1796206119652,35.1341996937268,979315.2529375
1247,568378,32.1847534184478,35.1333599722973,979316.233679687
1248,568379,32.1912646870689,35.1373456944308,979316.233679687
1249,568380,32.2007495609538,35.1494219086931,979316.233679687
1250,568381,32.2030322202043,35.1557853758403,979316.233679687
1251,568382,32.2076618445581,35.1578035818388,979323.8579375
1252,568383,32.2116127536494,35.1648052866079,979318.99709375
1253,568384,32.2160639169957,35.1686822286172,979318.99709375
1254,568385,32.2229043517746,35.1742029849617,979318.99709375
1255,568386,32.2300000494059,35.1716330599918,979318.99709375
1256,568387,32.2377016606072,35.1707438534849,979313.495417969
1257,568388,32.2433681543322,35.1671122545254,979313.495417969
1258,568389,32.2508925994066,35.1655119154622,979313.495417969
1259,568390,32.2566009406435,35.1675858874572,979313.495417969
1260,568391,32.269167926061,35.1597002374148,979306.897453125
1261,568392,32.276494067115,35.1483783024508,979304.433542969
1262,568393,32.2892117194005,35.1348052140778,979297.80478125
1263,568394,32.2850257364605,35.1310890489661,979304.433542969
1264,568395,32.2836469327072,35.1298728837144,979298.733808594
1265,568396,32.2787793964391,35.1250567167961,979298.733808594
1266,568397,32.2767609549424,35.1180034017489,979298.733808594
1267,568398,32.2741465431213,35.1105700933324,979298.733808594
1268,568399,32.2682522002194,35.1037720910684,979293.064636719
1269,568400,32.2710759347518,35.0854332365143,979293.064636719
1270,568401,32.2742791295527,35.0786745882887,979285.550765625
1271,568402,32.2769617462625,35.0695964073517,979285.550765625
1272,568403,32.2770018066094,35.0557150212231,979285.550765625
1273,568404,32.280558108381,35.0357517816881,979274.040324219
1274,568405,32.2800940543757,35.0261747880161,979262.582125
1275,568406,32.2809462340829,35.0164163383075,979262.582125
1276,568407,32.2835016506446,35.0087153885135,979262.582125
1277,568408,32.2837536017063,34.9959763147905,979259.652085937
1278,568447,32.7961144023965,35.021795160506,979193.158628906
1279,568561,32.5415010918898,35.4365336153711,978982.438625
1280,568562,32.4663926224597,35.4941134357514,979038.4323125
1281,568563,32.4803763969905,35.4818676413264,979013.918203125
1282,568564,32.491143215809,35.471402486379,979013.918203125
1283,568565,32.5070856842243,35.4534685015222,978989.86440625
1284,568566,32.5301856607271,35.4308864372316,978982.438625
1285,568567,32.5464931229451,35.4254924642783,978982.438625
1286,568568,32.5482263537238,35.4105682547347,978991.192667969
1287,568569,32.5547505322038,35.3827395979607,979057.941496094
1288,568648,32.5593664528322,35.355956779009,979135.437347656
1289,568649,32.5645928789622,35.3434664697417,979135.437347656
1290,568650,32.6027587573245,35.3053197712736,979112.095027344
1291,568651,32.6073764206838,35.3008004203132,979112.095027344
1292,568652,32.6029743420222,35.2779440598873,979186.087617188
1293,568653,32.5952306137769,35.2509582540006,979236.099753906
1294,568654,32.5869924363085,35.2286080617876,979237.633164063
1295,568655,32.5773192394291,35.2032437395235,979240.575773438
1296,568656,32.5688651937714,35.3342596244512,979181.247335938
1297,568714,32.0800595922077,34.7673627843399,979191.856082031
1298,568846,32.5346775587222,35.148559379005,979248.316152344
1299,568847,32.5266210885026,35.1401982309157,979248.316152344
1300,568848,32.5081419742345,35.1079455687355,979251.684488281
1301,568849,32.5603940844993,35.1717878669327,979244.318054687
1302,568850,32.5549012671801,35.167168937352,979244.318054687
1303,568851,32.4153545098378,35.008518501884,979257.67871875
1304,568852,32.4565757146715,35.0043346215856,979260.642667969
1305,568853,32.5579996565286,35.3693875214507,979057.941496094
1306,568869,32.181007472796,34.8093055021146,979222.788949219
1307,568870,32.1793748669547,34.8234951256006,979240.55703125
1308,568871,32.177419810051,34.8398046651876,979240.55703125
1309,568872,32.192630885183,34.8725306695853,979242.161367188
1310,568873,32.1880682110479,34.900835841952,979256.467253906
1311,568874,32.1842557554329,34.9098324972008,979256.467253906
1312,569009,32.1478231179043,34.8038945067951,979204.220273437
1313,569010,32.145974640937,34.8096898412203,979204.220273437
1314,569011,32.140198598626,34.8228783109907,979231.707019531
1315,569012,32.1330625812212,34.8402567542331,979231.707019531
1316,569064,32.1085277941276,34.9342774016958,979252.556160156
1317,569068,32.1666943023081,34.9075080645356,979262.818542969
1318,569069,32.1396711220533,34.872503423145,979256.31515625
1319,569070,32.1680924672977,34.8963608562934,979251.963125
1320,569071,32.1295437637227,34.8622181310731,979219.643457031
1321,569072,32.1308015745343,34.8705961705725,979219.643457031
1322,569175,32.2647041150255,35.0011778896953,979262.582125
1323,569176,32.2543369520551,34.9948518151411,979275.880902344
1324,569177,32.2443340714405,34.9913572863095,979275.880902344
1325,569178,32.214100613481,34.9755464979915,979286.087894531
1326,569179,32.206829933164,34.9593675346907,979270.864421875
1327,569180,32.1956370990673,34.9547694287466,979270.864421875
1328,569181,32.1932776638196,34.9523028039891,979270.864421875
1329,569186,32.1675060238868,34.8058333680153,979222.788949219
1330,569187,32.1440571382254,34.8021409130378,979204.220273437
1331,569220,32.1223600615519,34.7947559588045,979189.885101562
1332,569221,32.1195606080539,34.8019675942387,979189.885101562
1333,569222,32.098441744957,34.7787982130645,979191.856082031
1334,569226,32.1547004360022,34.947400337966,979261.339363281
1335,569227,32.1457832076506,34.9458820808912,979261.339363281
1336,569228,32.1373013379215,34.940358792768,979261.339363281
1337,569229,32.1246087212332,34.9373635593025,979252.556160156
1338,569230,32.0953079604138,34.9374520060198,979240.904546875
1339,569231,32.1682502887781,34.9317317653804,979265.616179687
1340,569232,32.1559666542592,34.9374364750004,979261.339363281
1341,569233,32.0839021845478,34.9520198619006,979241.816164063
1342,569234,32.0580728027189,34.9443595606992,979235.960035156
1343,569235,32.0505482328958,34.9439350684231,979253.731296875
1344,569236,32.1727227521758,34.9315604640989,979265.616179687
1345,900008,31.7210274829389,35.093375981831,979285.152820312
1346,900009,31.7108362302504,35.0929661372124,979276.739859375
1347,900010,31.789308447147,35.189197995376,979303.739507812
1348,900011,31.4804095110487,35.3970312405859,979398.620285156
1349,900012,31.7630726536623,34.9938330539409,979264.781585937
1350,900013,31.8009561202547,35.4847003633694,979401.642339844
1351,900014,31.6846135897346,34.9741363138471,979289.497460937
1352,900016,31.6871265944228,34.9674855301854,979289.497460937
1353,980001,33.2837803375171,35.7560015812525,979030.975957031
