Point,ComputedHeight,StdDev,Sigma0
1568,215.45177,0.19443054121216,0.687415770804445
16231,37.54913,2.52385521722127,0.687415770804445
16457,44.11718,1.59148256944762,0.687415770804445
16902,165.679495715468,2.13097655998942,0.687415770804445
181641,343.12218662531,1.37993929248271,0.687415770804445
18269,138.6639,1.25253114423404,0.687415770804445
19042,19.3499630708661,0.602939592568116,0.687415770804445
203552,-394.64846215317,1.39964646752047,0.687415770804445
20499,23.2759018010963,1.22072874590599,0.687415770804445
20512,28.5949981107594,0.557416146621512,0.687415770804445
20513,26.725994638392,0.361376477025177,0.687415770804445
20521,22.8593511351351,0.627566917701808,0.687415770804445
20522,37.7605959426719,0.565929355358103,0.687415770804445
20525,11.4171737349398,0.427289085923957,0.687415770804445
20527,45.6037208768267,0.466706018654097,0.687415770804445
20671,225.153904696271,1.00689311071801,0.687415770804445
20781,766.3861,1.6232330406682,0.687415770804445
2102,217.14367,2.6800400589637,0.687415770804445
21524,778.745012555768,0.836637436464148,0.687415770804445
21553,619.811688226187,0.452156585997147,0.687415770804445
21975,206.329242447995,1.10182863609698,0.687415770804445
22068,-322.989579389752,1.59500097660711,0.687415770804445
22467,176.4423,0.922265035394492,0.687415770804445
2247,181.71086,2.98056375685416,0.687415770804445
22538,175.99844,2.78382169831169,0.687415770804445
22542,174.1841,2.53506410383033,0.687415770804445
24558,232.97085,0.363746235370467,0.687415770804445
25170,30.92007,2.13873595333376,0.687415770804445
25209,40.89002,2.09408101593568,0.687415770804445
25605,430.327875876453,7.51032052238862,0.687415770804445
25925,95.6554240174673,0.61426583101286,0.687415770804445
25933,598.92701561939,1.02225317510603,0.687415770804445
26106,444.186211129645,1.35767501290893,0.687415770804445
26126,354.817370206062,0.369500973168876,0.687415770804445
26127,383.6291342686,2.43631540021136,0.687415770804445
26129,755.638086336336,0.777211105872642,0.687415770804445
26130,337.483640974672,0.265701637598753,0.687415770804445
26139,206.852229023145,1.39688286786193,0.687415770804445
26174,150.672001769912,0.943787865597969,0.687415770804445
26191,-385.6516,2.68180266359946,0.687415770804445
26225,292.052286416945,0.5324408570087,0.687415770804445
26232,-378.664089602795,0.198461149950767,0.687415770804445
26238,164.588915371879,0.510567010400755,0.687415770804445
26247,343.66494375,2.28843384171758,0.687415770804445
26260,-139.005094327217,2.15125885330288,0.687415770804445
26340,-377.231805176841,0.463001289070956,0.687415770804445
26912,29.47583,1.48073888672213,0.687415770804445
271055,34.7034493787391,0.261558590020781,0.687415770804445
27729,124.919444855212,0.936663186005836,0.687415770804445
27730,154.6940075,0.856929312598968,0.687415770804445
27734,138.751192419929,0.665145797283449,0.687415770804445
27735,124.173542238548,0.73777217136025,0.687415770804445
27736,83.3836879661017,0.767852328987472,0.687415770804445
27737,68.3314766711052,0.341896241772635,0.687415770804445
27741,8.66528118695564,0.263461297109202,0.687415770804445
29758,234.0261036478,0.829550477276927,0.687415770804445
29759,229.516313382874,0.616912695129852,0.687415770804445
29761,81.0391078123043,1.95527215310333,0.687415770804445
29762,84.7955348817897,2.2453786264066,0.687415770804445
29763,103.289898466526,2.77233638468615,0.687415770804445
29764,129.153609019867,2.96090696650264,0.687415770804445
29765,159.339670274599,2.97380576653237,0.687415770804445
29766,166.102846711474,2.79468534110811,0.687415770804445
29767,176.494159512267,2.22606036629037,0.687415770804445
29768,204.10889314112,1.30280088116036,0.687415770804445
29798,109.870365259196,0.262089058403488,0.687415770804445
29822,853.695157410367,2.29646793831293,0.687415770804445
29823,731.773374181478,3.07992690917706,0.687415770804445
29824,867.701481182722,3.70720187977628,0.687415770804445
29825,885.738345614897,4.30832973283996,0.687415770804445
29826,709.555554082156,4.86793899600769,0.687415770804445
29827,696.109607391732,5.31198660761428,0.687415770804445
29828,787.117282241544,5.67360735672038,0.687415770804445
29829,728.280267065785,5.976414720937,0.687415770804445
29831,913.880771098817,6.48326714068348,0.687415770804445
29832,687.78472630661,6.65987631887059,0.687415770804445
29833,599.323356842554,6.80302239787509,0.687415770804445
29834,588.435743831736,6.922350426591,0.687415770804445
29836,576.664178993383,6.97959177149092,0.687415770804445
29838,538.484061540847,6.95138769301026,0.687415770804445
29839,516.43279849094,6.91134582520771,0.687415770804445
29840,507.784482343514,6.84938025325346,0.687415770804445
29841,464.457309233943,6.77401537488448,0.687415770804445
29845,80.605621750438,0.447770989200913,0.687415770804445
29856,848.46826596331,1.24312284987628,0.687415770804445
29859,939.221229884415,1.05047028168753,0.687415770804445
29867,885.696839948066,1.0207338347841,0.687415770804445
29869,831.163926054571,1.01898416853577,0.687415770804445
29873,570.675139462731,1.16559826788503,0.687415770804445
29874,558.128470574884,1.20093444610011,0.687415770804445
29884,320.827863809873,0.989088565906508,0.687415770804445
29889,965.568613506643,0.479923828753004,0.687415770804445
29890,488.825716752301,6.36814399758493,0.687415770804445
29894,456.71717597021,6.73583980561579,0.687415770804445
29917,766.966095790244,1.1067198021888,0.687415770804445
29918,750.004186107416,1.17079090250351,0.687415770804445
29923,799.973603790779,1.2155813342045,0.687415770804445
29943,662.192371228398,2.21114368558252,0.687415770804445
29946,631.016081940396,3.73898013349122,0.687415770804445
29948,611.349237013874,4.39258710483709,0.687415770804445
29954,543.995478989395,5.8119880824286,0.687415770804445
29992,317.812033488685,0.670292248575063,0.687415770804445
29997,335.1999,0.217379953526232,0.687415770804445
30058,2.50104886168382,0.174567912431999,0.687415770804445
30079,21.8776285500721,0.224570834630509,0.687415770804445
30082,52.2906130350623,0.73507820610639,0.687415770804445
30111,764.638821723119,0.661097319826248,0.687415770804445
30206,180.778514430833,0.438346586242588,0.687415770804445
30209,217.422117291049,0.282416388199049,0.687415770804445
30304,-389.34050911187,0.5609897620494,0.687415770804445
306012,37.8306572792363,0.311720472047065,0.687415770804445
383205,123.772124476637,1.45493033664132,0.687415770804445
383370,51.8469479097545,0.834242664916542,0.687415770804445
386681,40.6121382137628,0.552097288927572,0.687415770804445
386685,406.308866176074,2.58135168842123,0.687415770804445
386726,380.306148599624,1.9276232450531,0.687415770804445
388025,266.992165988909,0.709703598346661,0.687415770804445
409343,148.66469601459,0.397448951243547,0.687415770804445
409442,203.504024204546,0.231092408566905,0.687415770804445
409488,79.8988992084824,0.695233391737434,0.687415770804445
409739,219.313236586466,0.194252203659454,0.687415770804445
409788,-175.766269080658,0.251313697151618,0.687415770804445
409790,-171.303373192154,0.252481919592583,0.687415770804445
409901,203.902884638177,0.656786444064921,0.687415770804445
409918,106.168620544458,0.932724042563298,0.687415770804445
410483,228.20565210003,0.763122359964125,0.687415770804445
410760,320.009979924296,0.38966491395316,0.687415770804445
411595,147.502211944746,0.401809078842779,0.687415770804445
411846,98.6798512630531,0.589398026878504,0.687415770804445
411865,137.626157393688,0.887544168148815,0.687415770804445
411872,139.988131177249,0.752741953150594,0.687415770804445
411912,639.714497554477,1.21237809646335,0.687415770804445
411913,544.959738958324,1.55468402420005,0.687415770804445
411914,510.389789303148,1.76414005259585,0.687415770804445
411918,470.675854555753,1.89137137217354,0.687415770804445
411919,433.483683768265,1.81081266365796,0.687415770804445
411920,445.488407824098,1.64756119555226,0.687415770804445
411921,454.731180454388,1.23433327516529,0.687415770804445
412214,275.673613474095,0.346308440851576,0.687415770804445
412255,237.598730366838,0.4669878148646,0.687415770804445
412256,230.251223769703,0.313225826472811,0.687415770804445
412268,291.659799455984,0.380948960923288,0.687415770804445
412269,297.982257583498,0.383336965589653,0.687415770804445
412300,165.360909369268,0.590018995935329,0.687415770804445
412301,126.032385286924,0.37859992212272,0.687415770804445
412319,205.62390798405,0.330313129898166,0.687415770804445
412321,205.325945675617,0.450516044725982,0.687415770804445
412325,187.201967378919,0.409364462289258,0.687415770804445
412338,157.014198866101,0.445118519056637,0.687415770804445
412343,162.087129809721,0.496753993469725,0.687415770804445
412344,172.36301715192,0.451299727942495,0.687415770804445
412345,173.755666800137,0.362480813491487,0.687415770804445
412351,152.733425442388,0.674048236893531,0.687415770804445
412352,160.130438618517,0.733971082104934,0.687415770804445
412353,164.158130778224,0.7655027000819,0.687415770804445
412354,158.547316319283,0.676412924338887,0.687415770804445
412358,153.25491361558,0.634893757544513,0.687415770804445
412359,164.896005383374,0.539112417262913,0.687415770804445
412364,172.393293081399,0.494459740479535,0.687415770804445
412366,178.039990750643,0.490598711695368,0.687415770804445
412373,111.775103195946,0.313825793126754,0.687415770804445
412697,72.8885460686057,0.724608859071023,0.687415770804445
412732,109.19668301195,0.5982018922238,0.687415770804445
412747,38.3248938699137,0.697282484604447,0.687415770804445
412749,55.0986995647255,0.627915482543196,0.687415770804445
412773,99.1198251090066,0.448841850116603,0.687415770804445
412776,86.2554637401913,0.493597298222055,0.687415770804445
412784,70.8030725339115,0.718465666138932,0.687415770804445
412802,53.2780987760694,0.585500941780807,0.687415770804445
412827,55.8529375592464,0.561974747791328,0.687415770804445
412846,53.0903297367687,1.06195310550516,0.687415770804445
412952,152.697447722374,0.456337817738804,0.687415770804445
413074,130.138845367725,0.725162393840574,0.687415770804445
413337,28.4549371245813,0.524053044986662,0.687415770804445
413561,21.3802003165966,0.596224107622429,0.687415770804445
413572,23.8573711778038,0.498338518732432,0.687415770804445
413616,42.6454301150778,0.431987914282191,0.687415770804445
413642,49.9619088636162,0.745168439335955,0.687415770804445
413646,44.3954728893173,0.617485650299054,0.687415770804445
413667,35.5807685437313,0.601245639572172,0.687415770804445
413721,23.5494544965672,0.412909831134009,0.687415770804445
413860,8.06473443360138,0.539390210212541,0.687415770804445
414489,46.7777836764706,0.810794144184044,0.687415770804445
414628,2.87801230084154,0.939259259248263,0.687415770804445
415264,510.289692340426,0.349940498983639,0.687415770804445
415294,439.995416699192,0.67000077123384,0.687415770804445
416458,-277.719808909696,1.15929956607307,0.687415770804445
416459,-156.153054268887,1.86217028943923,0.687415770804445
416460,-18.4208314849502,2.18070841660346,0.687415770804445
416461,17.9666197985869,2.22717105660501,0.687415770804445
416462,11.3725342122756,2.22757812672668,0.687415770804445
419402,44.8084393217113,0.64036862295496,0.687415770804445
419418,46.7796593236382,0.519779350101854,0.687415770804445
419422,49.8459872908896,0.764046289604119,0.687415770804445
419600,11.3166404565832,2.27788793157658,0.687415770804445
419601,11.4492242299731,2.27761672405933,0.687415770804445
419602,15.7366511156908,2.28277982016528,0.687415770804445
420,175.76982,3.50514642928329,0.687415770804445
420336,-389.063506927677,0.731814164225371,0.687415770804445
420337,-373.695564859168,0.607244836007029,0.687415770804445
420351,-387.301444006633,1.02447207012373,0.687415770804445
420352,-384.300631648212,1.15124734421241,0.687415770804445
420353,-385.722666935066,1.74460377379623,0.687415770804445
420354,-382.772379908686,1.48488611281833,0.687415770804445
420355,-328.851082805233,2.01807161227402,0.687415770804445
420356,-376.888861190423,0.192713176091612,0.687415770804445
420357,-388.558383613779,0.879776937295344,0.687415770804445
420358,-353.601015574708,1.78940422438206,0.687415770804445
420359,-386.949133212122,1.85603139362249,0.687415770804445
420360,-387.688002805233,0.762551143946901,0.687415770804445
420362,-389.72806,2.09768839331409,0.687415770804445
420363,-389.84216,0.87385659818547,0.687415770804445
420364,-391.285865325365,1.03215066751102,0.687415770804445
420365,-385.481130691519,1.18365154710091,0.687415770804445
420366,-382.78154107775,0.425207328248874,0.687415770804445
422208,233.851999849363,0.278922552679788,0.687415770804445
446729,172.992213867446,0.937969436695595,0.687415770804445
446730,202.576623947435,1.79640907311329,0.687415770804445
446738,381.619743221412,1.81812799130511,0.687415770804445
446744,596.768035596141,1.3995682133338,0.687415770804445
446747,867.362547550108,1.38003746902083,0.687415770804445
446753,575.886087296425,1.94831725575915,0.687415770804445
446758,23.8113473468113,2.25781005359873,0.687415770804445
446768,323.90816,1.93504792240841,0.687415770804445
446787,30.8671821263356,2.18751092638578,0.687415770804445
446788,-210.1699156545,0.188456466478306,0.687415770804445
446796,19.7986761293697,1.43642064514842,0.687415770804445
446804,587.211599604957,1.28862398249816,0.687415770804445
446805,99.66218,3.61818468348443,0.687415770804445
446811,-378.948902847733,0.178235571712477,0.687415770804445
446815,122.768588786765,1.77663213378385,0.687415770804445
446816,396.973851893164,1.63640497412248,0.687415770804445
446817,539.486142366716,1.68674968029606,0.687415770804445
446818,210.37410660458,3.275896018845,0.687415770804445
446819,674.307217014497,3.67319269168449,0.687415770804445
446820,890.28583192074,4.26412784683582,0.687415770804445
446821,486.288630809199,2.8742062360663,0.687415770804445
446827,108.477266371771,2.89765654279102,0.687415770804445
446847,456.396955876453,6.73826185751192,0.687415770804445
446848,325.75280852082,0.816027462154499,0.687415770804445
446853,956.74636535302,6.45445607463177,0.687415770804445
446865,694.4696,1.84453007078898,0.687415770804445
446875,100.514888941856,1.83583099461735,0.687415770804445
446878,326.98794,4.03320371091144,0.687415770804445
446887,13.9040619052993,2.2831975316189,0.687415770804445
454022,-385.81972458256,1.29158313362685,0.687415770804445
454023,-384.869243784787,1.07178374223919,0.687415770804445
459643,-22.2747999599231,2.98619103316481,0.687415770804445
459644,252.210083371352,2.21769304381439,0.687415770804445
459665,608.971277759552,6.88352178874215,0.687415770804445
459666,534.109512356595,6.95829378916975,0.687415770804445
459693,-143.227812593272,2.1097279824929,0.687415770804445
459700,56.1303916053921,2.19749085515097,0.687415770804445
459716,473.654734439221,1.86565150552717,0.687415770804445
460150,85.7921872842343,1.48946485224851,0.687415770804445
460151,83.7001548948516,2.47504575487711,0.687415770804445
460152,92.359338056388,2.635274832212,0.687415770804445
460153,123.793005085387,2.88998025818677,0.687415770804445
460154,142.612395761562,2.99442813026987,0.687415770804445
460155,172.159845372453,2.89489068744868,0.687415770804445
460156,196.35710677961,1.84588065150177,0.687415770804445
460159,27.2872175718636,1.13505791230294,0.687415770804445
460161,15.3877573613284,0.70064330581465,0.687415770804445
460163,226.755402129608,1.7589519094232,0.687415770804445
460410,303.29086031265,1.35324891936996,0.687415770804445
460723,523.906004158416,1.05324218416171,0.687415770804445
461399,151.93663025641,1.28141228871532,0.687415770804445
461400,149.350411421911,1.35364523487394,0.687415770804445
461494,657.403815570934,0.71009137167577,0.687415770804445
461521,31.6956632235855,1.23367864157584,0.687415770804445
462281,15.9364757558914,1.5115755966992,0.687415770804445
462282,22.9882354602044,1.6572179792653,0.687415770804445
462283,27.3995311027122,1.78793709922255,0.687415770804445
462284,30.4390186082702,1.88628121348675,0.687415770804445
462285,34.1348501889727,1.9700209729778,0.687415770804445
462286,36.7320956536236,2.01378073963925,0.687415770804445
462287,36.9440007558913,2.02808277800579,0.687415770804445
462288,26.9529357269896,2.05669466283186,0.687415770804445
462289,18.2746428968428,2.06083241330492,0.687415770804445
462290,9.79886259448625,2.05093167611253,0.687415770804445
462291,8.35918125833685,2.04107437696836,0.687415770804445
462292,9.36010331258319,2.02757734946032,0.687415770804445
462293,12.9948470653622,2.00721984233547,0.687415770804445
462294,15.5970440306801,1.99069347426192,0.687415770804445
462295,17.4784999888838,1.95922613143734,0.687415770804445
462296,16.4790857825699,1.91349944858449,0.687415770804445
462297,12.782843775011,1.86710229621872,0.687415770804445
462298,14.3030584037349,1.75180096997372,0.687415770804445
462299,14.700547232103,1.7130745088934,0.687415770804445
462300,14.7197360604712,1.67129604368706,0.687415770804445
462301,13.4726008337038,1.58488327940007,0.687415770804445
462302,12.9890829146286,1.40447783429183,0.687415770804445
462303,17.5173575366829,1.17373682984975,0.687415770804445
462304,16.5899575366829,1.45489222863983,0.687415770804445
462305,15.3474575366829,1.65714672423261,0.687415770804445
462306,11.1371575366829,1.80142664916859,0.687415770804445
462307,9.42075753668295,1.88750765543497,0.687415770804445
462308,8.37385753668294,1.98512405226629,0.687415770804445
462309,7.15925753668294,2.08723575376687,0.687415770804445
462310,6.54479676223587,0.386239685324992,0.687415770804445
462311,6.16778765602423,0.739571583384761,0.687415770804445
462312,5.7786398853903,0.927895980081678,0.687415770804445
462313,6.33505466449563,1.02899466023493,0.687415770804445
462314,4.68307956842035,1.25356697544445,0.687415770804445
462315,4.76348746387366,1.48676992210077,0.687415770804445
462316,4.54903746387366,1.279013535445,0.687415770804445
462317,9.4499265364197,1.39387765648821,0.687415770804445
462318,16.3771075145554,1.53847903470954,0.687415770804445
462319,10.5407743138601,1.49380708366005,0.687415770804445
462321,16.4879028602694,1.56502709281966,0.687415770804445
462322,19.0071467928649,1.6337717304663,0.687415770804445
462323,19.3307955011625,1.66248978660375,0.687415770804445
462324,19.4471767591993,1.67428033219208,0.687415770804445
462325,22.1440277744038,1.67713437438826,0.687415770804445
462326,23.322121703596,1.67377639957291,0.687415770804445
462327,24.7636951875957,1.66539894628271,0.687415770804445
462328,24.4542850695828,1.64240537872921,0.687415770804445
462329,26.0754763680916,1.61255873877781,0.687415770804445
462330,24.9136686784018,1.57799323234029,0.687415770804445
462331,20.0592769819789,1.50942631317126,0.687415770804445
462332,19.1534867020777,1.43126650100707,0.687415770804445
462333,17.2329840782008,1.18254117082815,0.687415770804445
462334,15.021090155815,0.948531199703525,0.687415770804445
462335,13.2738113350871,1.12051103019502,0.687415770804445
462336,12.4867546638867,1.3589631788603,0.687415770804445
462337,13.2853930610186,1.56682622468108,0.687415770804445
462338,11.2897342081343,1.62813125085267,0.687415770804445
462339,12.4843414018768,1.69837788721907,0.687415770804445
462340,19.5722096301875,1.7676100222248,0.687415770804445
462341,29.6001189252228,1.83787597985235,0.687415770804445
462342,26.7602200562603,1.86273735622512,0.687415770804445
462343,18.5184452773358,1.89641820084506,0.687415770804445
462344,17.178515446157,1.9154366514455,0.687415770804445
462345,23.384420699389,1.93348493666224,0.687415770804445
462346,30.001592969503,1.93920376721934,0.687415770804445
462347,28.7756490724036,1.93774161547544,0.687415770804445
462348,19.9990592573031,1.93005200032855,0.687415770804445
462349,17.7723936126317,1.89668152476462,0.687415770804445
462350,24.395942762963,1.87495018539081,0.687415770804445
462351,31.2730349205295,1.84707932961367,0.687415770804445
462352,29.7902580403122,1.82226030156609,0.687415770804445
462353,26.7058062203882,1.77872961869474,0.687415770804445
462354,25.4644464776396,1.70252783572536,0.687415770804445
462355,21.4776577935765,1.58311597961032,0.687415770804445
462356,20.4604611866889,1.38406546081123,0.687415770804445
462357,22.0579644631411,1.48288796171431,0.687415770804445
462358,16.5617699238947,1.61091032089364,0.687415770804445
462359,23.2441150121001,1.69994716303676,0.687415770804445
462360,33.047994461093,1.75390751953985,0.687415770804445
462361,30.2514279238194,1.77881122289203,0.687415770804445
462362,32.2116455257016,1.77358843893964,0.687415770804445
462363,37.8690968452512,1.6521717914944,0.687415770804445
462364,33.9685061589582,1.5893154992385,0.687415770804445
462365,30.1771735334415,1.47409114405928,0.687415770804445
462366,36.6352933804768,1.3419407466884,0.687415770804445
462367,37.3812943451569,1.15305311583655,0.687415770804445
462368,36.2551191372963,0.985828669041688,0.687415770804445
462369,35.7489391372963,1.21668059910702,0.687415770804445
462370,35.8944191372963,1.42689146047533,0.687415770804445
462371,20.9406911866889,1.55634204260558,0.687415770804445
462372,19.6031411866889,1.88029408200353,0.687415770804445
462373,20.1271211866888,2.10285322928562,0.687415770804445
462375,36.1723739335321,2.70026529713589,0.687415770804445
462376,35.9400539335321,2.62357727789197,0.687415770804445
462377,37.453383933532,1.7561129177213,0.687415770804445
462841,167.313005928571,1.15014921395104,0.687415770804445
466045,96.8402617200468,2.84072295366401,0.687415770804445
466046,-175.599925913432,1.69839545772224,0.687415770804445
466051,192.315932111401,1.71154911619075,0.687415770804445
466310,-186.95128810034,1.88228283706017,0.687415770804445
468028,62.182844725446,1.56866306353593,0.687415770804445
468029,79.9335503897453,1.64417311585288,0.687415770804445
468030,77.4828185692014,1.64770895706311,0.687415770804445
468031,95.0844464403256,1.45912700928523,0.687415770804445
468707,52.5771122549019,1.62937307738042,0.687415770804445
468708,59.6388229166666,1.41950385741567,0.687415770804445
468993,56.0696268622093,0.677681219258833,0.687415770804445
469002,77.6039872067324,2.34914229013825,0.687415770804445
469007,31.5064340686274,2.31986644027866,0.687415770804445
469016,53.2011825913736,1.08815595195944,0.687415770804445
471730,38.1510069240196,1.96933244584569,0.687415770804445
473218,555.7024,2.12766008419752,0.687415770804445
473219,600.6158,2.65630831779886,0.687415770804445
473220,585.3223,2.99164101632293,0.687415770804445
473221,461.7217,3.56211397168302,0.687415770804445
473222,361.4,3.92297044514095,0.687415770804445
473223,309.767,4.22702013137372,0.687415770804445
473224,303.4161,4.55150227673428,0.687415770804445
473225,358.2688,4.82720563820016,0.687415770804445
473226,342.2045,5.14286239528756,0.687415770804445
473227,294.6767,5.48779987302745,0.687415770804445
476668,89.6124464403256,2.91723117995943,0.687415770804445
476669,85.2328464403256,2.68686755719709,0.687415770804445
476670,75.6760464403256,2.46259384182427,0.687415770804445
476671,70.3162464403256,2.25756630128018,0.687415770804445
476672,85.2994464403256,2.05047537177919,0.687415770804445
476673,103.932946440326,1.80327693915839,0.687415770804445
478246,120.779170289495,1.60526835633756,0.687415770804445
478250,726.462757030356,1.6016649004179,0.687415770804445
482233,559.590905733879,0.589842032682251,0.687415770804445
482234,576.895147776377,0.470881297868505,0.687415770804445
482235,575.04086479634,0.662327509738034,0.687415770804445
482236,557.871175036787,0.767651802623361,0.687415770804445
482237,584.216764880571,0.865077281745877,0.687415770804445
482238,594.345402299541,1.14106084585571,0.687415770804445
482239,578.979638922375,0.896133588975282,0.687415770804445
482240,592.325260684652,1.07979623960382,0.687415770804445
482241,628.127554601467,0.940906083941927,0.687415770804445
482242,656.375305807055,0.675611696565487,0.687415770804445
482243,678.457300557103,0.713353325133511,0.687415770804445
482244,623.132987727537,0.779441874596552,0.687415770804445
486854,760.626790636169,1.07678943693785,0.687415770804445
486856,598.722752011147,2.23968138137016,0.687415770804445
486857,515.467179656509,2.43383705602181,0.687415770804445
486858,592.463183550224,2.4828544974703,0.687415770804445
486859,615.78238960819,2.39795788619401,0.687415770804445
486860,543.194156541012,1.3771786065739,0.687415770804445
486861,584.769836755557,1.84994674558126,0.687415770804445
486862,731.952680695609,0.245759057334973,0.687415770804445
487473,376.053719999999,6.55968998078627,0.687415770804445
487959,-150.68085,2.38127808191484,0.687415770804445
489748,705.85372,0.455980037346258,0.687415770804445
490117,-261.009974939345,1.77213131138431,0.687415770804445
490118,-358.491917064062,1.6300254300552,0.687415770804445
490129,-388.504708395327,1.25638838315877,0.687415770804445
490130,-234.795312036968,1.30835293476617,0.687415770804445
490618,-381.328680166329,1.87102543160942,0.687415770804445
490631,-387.426188336301,1.70365767007232,0.687415770804445
491213,-383.249282841504,1.52600126752027,0.687415770804445
492408,532.44402415986,1.91570925945908,0.687415770804445
492409,611.510336022767,2.24964648292469,0.687415770804445
492410,674.832342964792,2.3590563183278,0.687415770804445
492411,668.470815935346,2.229578915544,0.687415770804445
492412,670.021208452989,2.23404064605313,0.687415770804445
492413,689.622358152824,2.13361833040315,0.687415770804445
492414,726.760703282759,1.79617695717691,0.687415770804445
492452,675.716446151995,1.18536392818828,0.687415770804445
493045,433.719417294412,1.13403062579149,0.687415770804445
493046,261.975511941679,1.21232205791667,0.687415770804445
493691,1891.08071112965,6.83087894176485,0.687415770804445
493694,1524.14962112965,6.12860328338166,0.687415770804445
493695,1462.82673112965,5.94432988690674,0.687415770804445
493696,1329.59019112965,5.42844320934771,0.687415770804445
493697,339.692389999999,6.32631688041737,0.687415770804445
493698,951.271241129648,4.07033679341895,0.687415770804445
493959,1033.06402112965,4.70409369940008,0.687415770804445
493961,1125.78567112965,4.93891803237947,0.687415770804445
494376,335.521249999999,6.18521415800019,0.687415770804445
494385,304.70003,3.70643976457056,0.687415770804445
494386,320.991729999999,5.00861527592977,0.687415770804445
494388,911.956208433735,1.5077753058617,0.687415770804445
494437,504.91820803504,2.02439559571646,0.687415770804445
494439,506.132315246793,1.98226391348269,0.687415770804445
494442,367.366164476035,1.46691594873681,0.687415770804445
494443,422.77614496079,1.75910017848903,0.687415770804445
495189,-221.0361,1.81091984006406,0.687415770804445
495190,-158.1096,2.12499328546718,0.687415770804445
495191,-105.6236,2.60529670252342,0.687415770804445
495192,-10.4634999999999,2.86447067257311,0.687415770804445
495193,83.1443000000001,3.22631691798703,0.687415770804445
495194,553.597491129646,2.23561209317268,0.687415770804445
495815,91.7141270691203,1.02279039364511,0.687415770804445
495820,697.757013002548,1.43002288464749,0.687415770804445
495821,632.201210788131,1.76575581539738,0.687415770804445
495822,285.123576652754,1.09653619923862,0.687415770804445
495824,213.305676204956,2.01951285525727,0.687415770804445
495826,-18.9256131947159,2.07421925943809,0.687415770804445
495828,387.790353192265,1.53968252021477,0.687415770804445
495830,-46.4074672086297,1.62535110278384,0.687415770804445
495831,209.046197754241,2.41048880240437,0.687415770804445
495832,132.170621020089,2.41566838387477,0.687415770804445
495856,18.7491436388141,0.530467089211649,0.687415770804445
496513,252.132432142578,0.671256164371537,0.687415770804445
496514,498.11748071838,1.86695354854463,0.687415770804445
496542,6.06060084396224,1.10238418015574,0.687415770804445
497619,309.19994,0.257207429661535,0.687415770804445
497620,-148.925302977382,1.123198112357,0.687415770804445
497623,539.9606,1.7011283509794,0.687415770804445
499333,376.940939999999,7.10536563577198,0.687415770804445
499334,477.187309999999,8.3328856167596,0.687415770804445
500252,448.160205601583,1.85372735774269,0.687415770804445
500874,7.86211409742552,1.68541765657221,0.687415770804445
501053,890.491613486546,4.25164027604007,0.687415770804445
501990,-253.73752,2.341253751012,0.687415770804445
504172,138.365839458101,1.29845453156465,0.687415770804445
504173,121.674758933003,2.26639438912883,0.687415770804445
504177,-144.602091636086,1.90860582973075,0.687415770804445
504178,-144.130473229358,1.8154311069117,0.687415770804445
505717,109.12223116373,0.795979579561536,0.687415770804445
505719,569.509754712143,6.94947164677084,0.687415770804445
505726,503.273073487842,6.49884678530641,0.687415770804445
507135,9.62670769289534,0.695549421846626,0.687415770804445
512452,693.587297929733,2.10665974295962,0.687415770804445
512454,157.624824930933,0.768794794139962,0.687415770804445
512455,62.1980908096825,1.086156488176,0.687415770804445
512456,86.2286729505135,1.32845842022774,0.687415770804445
512766,-385.385076964711,1.35665051844112,0.687415770804445
512767,-272.661306329282,1.20482187603565,0.687415770804445
512768,-380.522444866189,1.28759042540067,0.687415770804445
514541,352.53761879705,0.567278948219807,0.687415770804445
514543,341.140068142606,0.563135285260923,0.687415770804445
514544,330.905026968181,0.629284767664797,0.687415770804445
514545,323.412429005452,0.948929655637832,0.687415770804445
514546,321.291155112724,0.915707056370186,0.687415770804445
514547,323.029334389931,0.928152116044113,0.687415770804445
514550,318.05415261716,0.570314719034474,0.687415770804445
514551,338.630302914036,0.917303679613454,0.687415770804445
514554,324.852603685413,0.637964593784221,0.687415770804445
514555,321.339055751973,0.565629409324579,0.687415770804445
514556,322.327446650374,1.25713772336534,0.687415770804445
514558,323.170377044053,0.733717600706375,0.687415770804445
514562,277.77614395113,0.819845165739702,0.687415770804445
514564,251.555511793097,0.499115196953163,0.687415770804445
514565,252.90177394195,0.629969189235588,0.687415770804445
514566,254.740088554244,0.814350083366231,0.687415770804445
514568,254.217186670789,0.629459859475835,0.687415770804445
514570,231.269432576564,0.854548692185525,0.687415770804445
514572,230.561400810781,0.710417025321406,0.687415770804445
514916,273.724588148329,0.85415551016745,0.687415770804445
514919,228.611958558043,1.05689992413048,0.687415770804445
514920,227.898812751944,1.13744657124596,0.687415770804445
514921,228.98698608887,1.53765336740595,0.687415770804445
514922,229.11729998036,1.65364879720447,0.687415770804445
514923,228.088925178184,1.78659754894265,0.687415770804445
514924,227.316210690255,1.85312016341822,0.687415770804445
514925,228.418965109276,1.4703073383697,0.687415770804445
516200,629.719620003787,2.08811734496037,0.687415770804445
516201,657.066321662363,2.23492751469296,0.687415770804445
516202,353.241765301863,1.36636552405857,0.687415770804445
516203,549.119037336325,2.52789604028636,0.687415770804445
523379,202.846176097033,1.03736612944531,0.687415770804445
523380,254.290236300876,0.92806585142709,0.687415770804445
523381,-11.340039562436,1.35475678240077,0.687415770804445
523828,282.726261847191,1.13151267114557,0.687415770804445
523829,552.058247209442,2.09780941093977,0.687415770804445
524609,-140.81446404893,1.69759230346352,0.687415770804445
524610,-197.460578650052,1.34915670683919,0.687415770804445
524611,-121.417891499177,0.940580391228643,0.687415770804445
524612,-320.144511898057,1.83876123217738,0.687415770804445
524613,-387.556713867805,1.05754957493206,0.687415770804445
524888,-89.4180932117921,1.35152747813151,0.687415770804445
525110,-364.930305222795,0.753067440088139,0.687415770804445
525111,-362.606085643947,1.7988075524208,0.687415770804445
525112,-330.598024015034,1.44192566544899,0.687415770804445
525113,-337.913020957242,1.0570781420789,0.687415770804445
525717,-320.760373508802,2.32403624737052,0.687415770804445
525718,-335.524549207914,2.78314286292217,0.687415770804445
525722,-322.823286414502,2.87479726441213,0.687415770804445
525723,-296.783817226614,2.62981321958709,0.687415770804445
525724,750.57251184578,0.736175478153575,0.687415770804445
525725,734.541738984299,0.516653925190659,0.687415770804445
526153,-334.144929194152,2.93258118677823,0.687415770804445
526154,703.215715490336,0.830091301545221,0.687415770804445
526155,658.368924704785,0.566456418316703,0.687415770804445
526285,-382.584056769348,0.372146554731392,0.687415770804445
528005,45.1217874945707,0.452036242289627,0.687415770804445
528006,62.9901083498647,1.23989542349093,0.687415770804445
528007,20.4012484309392,1.09223223196696,0.687415770804445
528598,132.086022352306,1.29880882611907,0.687415770804445
528599,129.894055629889,1.28054306539274,0.687415770804445
528600,189.079775169562,1.70798524223973,0.687415770804445
528601,188.346182655087,1.69291110490866,0.687415770804445
528750,669.060753401222,1.15006800507094,0.687415770804445
528900,303.730716735864,0.657403714892596,0.687415770804445
528901,254.492059777407,0.271570431685117,0.687415770804445
529038,215.67999952497,0.756142844362875,0.687415770804445
529039,140.480559549348,0.35917676526711,0.687415770804445
529040,148.733549070195,0.606936267373248,0.687415770804445
529041,121.447069626517,1.08536403297336,0.687415770804445
529042,195.269909004077,0.801637059717434,0.687415770804445
529043,59.488635972324,0.604252084937853,0.687415770804445
529044,283.868269927798,1.07095886483942,0.687415770804445
529045,223.736057802198,1.07525332781679,0.687415770804445
529046,257.264529828988,0.230419220344838,0.687415770804445
529047,264.682245397936,0.836003446225844,0.687415770804445
530322,-346.566839003955,1.23013038316301,0.687415770804445
530816,-370.975216675248,1.02537113919812,0.687415770804445
530817,-288.743633291644,1.89847811010343,0.687415770804445
530818,-319.002469556731,1.83456496238826,0.687415770804445
530819,-369.027076539866,1.4239067445105,0.687415770804445
530820,-385.01159595539,0.747626529707249,0.687415770804445
530821,-387.191974294373,1.01312046707589,0.687415770804445
530822,-392.214796173983,1.078335769498,0.687415770804445
530823,-368.677860342037,1.12009684624266,0.687415770804445
530824,-358.977500561524,0.660196619674506,0.687415770804445
530825,-383.434780061253,0.502680839627181,0.687415770804445
530826,-359.548364143245,0.943208315238285,0.687415770804445
530827,-360.340690093561,0.423315572374687,0.687415770804445
530828,-378.094796663466,1.20268207921808,0.687415770804445
530829,-379.748762549913,0.320882331601993,0.687415770804445
530830,-358.63749749038,0.494155380199455,0.687415770804445
530831,-352.194290205479,0.635101349734446,0.687415770804445
530832,-374.943150577644,1.10344121458122,0.687415770804445
530833,-388.535458774741,0.999305764531818,0.687415770804445
530834,-384.652964449503,1.03194114265629,0.687415770804445
530835,-372.134805322978,0.754153581702539,0.687415770804445
530836,-367.153795986306,1.17165520264092,0.687415770804445
530837,-377.910431764047,0.462587136809358,0.687415770804445
534519,476.490108507052,0.7317894108581,0.687415770804445
534520,580.883507617991,2.20176165766834,0.687415770804445
538570,222.942683928215,1.27703691466765,0.687415770804445
538632,-387.61806351695,1.72766410879854,0.687415770804445
538633,-387.408653444892,1.95904615769087,0.687415770804445
538634,-385.767559396945,1.88961120267516,0.687415770804445
538635,-385.940385660117,1.95796419059037,0.687415770804445
538636,-384.470095890428,1.92417721041928,0.687415770804445
538637,-383.316812841504,1.54813619947159,0.687415770804445
538638,-386.133656800225,1.80318692099411,0.687415770804445
539406,259.22211446358,1.57118146584206,0.687415770804445
539407,256.085839827718,1.68701265945356,0.687415770804445
539411,356.006988203413,2.72664765050001,0.687415770804445
539412,392.810001599451,2.85751363284215,0.687415770804445
539413,394.617391661099,2.92917445750721,0.687415770804445
539414,345.775191877721,2.93229598653958,0.687415770804445
539415,391.737219386188,2.83964244581557,0.687415770804445
539420,359.757922551722,2.62784604778188,0.687415770804445
539421,407.637912162374,2.79034532198815,0.687415770804445
539426,-377.694682099421,1.25652116074239,0.687415770804445
539428,336.105252452259,1.75304375689324,0.687415770804445
539429,394.935842645488,2.36268716886371,0.687415770804445
539430,410.810846698852,2.63443544101497,0.687415770804445
539431,399.775387954883,2.80543224648069,0.687415770804445
539432,342.683632220807,2.53412786715257,0.687415770804445
539508,258.383167126598,1.40501040487997,0.687415770804445
540301,5.24872,0.85858202254825,0.687415770804445
542522,79.3522555292358,1.85669309265334,0.687415770804445
542523,75.9567261116131,1.80621358015367,0.687415770804445
542526,814.741999746246,4.59202859440517,0.687415770804445
542527,797.818153260383,5.10240542991371,0.687415770804445
542528,736.909440366397,5.54116463837747,0.687415770804445
542529,808.844731223733,5.82544501341423,0.687415770804445
542530,832.450510424001,6.15821392432492,0.687415770804445
542531,968.488111008588,6.34337251770303,0.687415770804445
542532,608.145048618947,6.76722931611061,0.687415770804445
542533,579.753333441127,6.97376168301454,0.687415770804445
542534,541.907144818388,6.97849739741754,0.687415770804445
542535,599.965245751822,1.09984599667721,0.687415770804445
542538,470.881872383329,6.64911577624435,0.687415770804445
542539,512.014478317077,6.13732029145744,0.687415770804445
542540,530.656157580537,5.99662838751661,0.687415770804445
542541,540.083101827684,5.62268287055169,0.687415770804445
542542,554.397854810872,5.4020043121812,0.687415770804445
542543,563.108323835677,5.20999713847922,0.687415770804445
542544,588.006034260818,4.69817224145252,0.687415770804445
542545,628.506212957178,3.30143837314027,0.687415770804445
544428,-120.2700575,0.0972152706060801,0.687415770804445
544429,98.7715569437653,1.35379603390109,0.687415770804445
545972,37.7630292339205,0.678379991142968,0.687415770804445
545977,89.385783126551,2.07267225992069,0.687415770804445
547312,6.16547765639063,0.634589652768511,0.687415770804445
548593,-205.642327922438,1.16741523852883,0.687415770804445
555335,179.313760421611,2.50279629837072,0.687415770804445
556639,638.087101689596,0.830357817226431,0.687415770804445
556640,642.70615786806,0.874784953397201,0.687415770804445
556641,639.059007902285,0.722188751962408,0.687415770804445
556642,650.361921774238,0.660028974567631,0.687415770804445
556643,659.579161803325,0.497852936488686,0.687415770804445
556644,657.126677257854,0.576051298906383,0.687415770804445
562901,3.29548843793418,1.86448824040744,0.687415770804445
562902,7.45280642011666,2.07097040996721,0.687415770804445
562905,-203.374744095264,1.25275048394426,0.687415770804445
562906,-205.816401177743,1.47115609680248,0.687415770804445
562907,-211.791117689737,1.53323177989836,0.687415770804445
562908,-121.388725839232,0.921814631603937,0.687415770804445
562912,-247.733174723553,2.03492988739579,0.687415770804445
563654,111.282160451581,1.51404142103544,0.687415770804445
563655,131.467769172102,1.94052824931703,0.687415770804445
563656,155.652852940291,1.76591447833138,0.687415770804445
563657,108.349376309524,1.19395959040587,0.687415770804445
563658,169.88237559699,1.17042377123031,0.687415770804445
563659,159.398230094864,1.06041089734802,0.687415770804445
563660,361.273900584267,2.62619969311964,0.687415770804445
563661,392.41990039677,2.35952280683779,0.687415770804445
563662,395.953428863737,2.60222676879487,0.687415770804445
563663,414.433495571946,2.72559809885478,0.687415770804445
563664,445.478380893368,2.68239395865313,0.687415770804445
563665,429.801432311312,2.40833067325346,0.687415770804445
563666,429.173072239461,1.88868245418757,0.687415770804445
563667,362.759319812665,1.74484270882749,0.687415770804445
563668,403.552000399949,1.87925556187957,0.687415770804445
563669,393.565703162165,1.85933277331387,0.687415770804445
563670,352.079066472702,1.9697485748611,0.687415770804445
563671,362.435208320389,1.58853343735095,0.687415770804445
564905,346.566856438055,1.74469889237495,0.687415770804445
564906,718.423891129647,3.14659197495005,0.687415770804445
564907,853.827771129648,3.76040874134733,0.687415770804445
564908,1004.21384112965,4.34829413453135,0.687415770804445
564909,1327.68546112965,6.02800493872626,0.687415770804445
564914,1680.40793112965,6.47576271164561,0.687415770804445
565964,257.726808070593,1.48432176512668,0.687415770804445
565965,263.251100632265,1.62310102945706,0.687415770804445
566099,15.9575370819672,1.04321550792683,0.687415770804445
566100,9.82433672131148,0.914165953991228,0.687415770804445
566101,12.4727437704918,0.770265788160077,0.687415770804445
566286,20.7007387012987,0.652422111126679,0.687415770804445
566320,-385.080441621599,1.25459245866666,0.687415770804445
566321,-383.531200144688,1.31705315273343,0.687415770804445
566322,-386.202021230339,1.94286570011826,0.687415770804445
566388,286.646799128584,2.18152563687914,0.687415770804445
566389,260.729328912991,1.41131855909378,0.687415770804445
567018,-384.478157625814,1.21638405943538,0.687415770804445
567304,46.3266127477745,0.891908751905564,0.687415770804445
567349,-389.909753195057,1.03377526130098,0.687415770804445
567600,43.1227097865344,0.561335073312417,0.687415770804445
567955,257.891380438597,0.433423062530562,0.687415770804445
568169,34.6106559364344,0.634231016483204,0.687415770804445
568170,31.1758379048192,1.2338439984958,0.687415770804445
568171,23.9274320512355,1.02248219776725,0.687415770804445
568172,46.7109691383943,0.547997509503083,0.687415770804445
568173,27.6863457056044,0.694193566707069,0.687415770804445
568174,23.76773,0.551648479211382,0.687415770804445
568175,264.33844,0.503270977591157,0.687415770804445
568176,54.18233,0.122968671385932,0.687415770804445
568177,-39.48577,1.51855107148863,0.687415770804445
568178,-164.533278362989,1.14698713881543,0.687415770804445
568179,53.179775950182,0.74935495271673,0.687415770804445
568180,106.09884,1.49344932488758,0.687415770804445
568181,55.7666969374522,0.23476230053035,0.687415770804445
568182,56.826081427082,0.888702092632148,0.687415770804445
568183,211.138038031496,0.258793809560863,0.687415770804445
568187,13.7316937487206,1.35596437355805,0.687415770804445
568188,239.710350438597,1.50566712646465,0.687415770804445
568189,38.4941118644068,1.29169199815107,0.687415770804445
568190,29.64535,1.46146597552493,0.687415770804445
568191,21.74094,1.96365221114062,0.687415770804445
568192,-199.16018,1.33294863431961,0.687415770804445
568193,73.494978904986,0.888779661779582,0.687415770804445
568194,92.5845596460898,0.137303154032109,0.687415770804445
568196,285.165440790598,1.46178374709536,0.687415770804445
568197,20.647213987976,1.39153661097393,0.687415770804445
568198,34.2366596599691,1.72164963917787,0.687415770804445
568199,59.77729,1.77134653147046,0.687415770804445
568200,-374.63392,1.49976414935322,0.687415770804445
568201,88.5397823556582,1.41421071723422,0.687415770804445
568202,60.0364949357326,1.35202300775149,0.687415770804445
568203,64.7832903507828,0.663914119954332,0.687415770804445
568204,229.28488,1.15026659408238,0.687415770804445
568206,-177.777939006779,0.556932544474038,0.687415770804445
568207,53.02324,1.74066921435053,0.687415770804445
568208,24.541286772554,0.650231194934971,0.687415770804445
568210,658.10886345522,1.60151501804651,0.687415770804445
568211,410.252050651525,2.23849341235167,0.687415770804445
568212,336.55270794802,2.80474915701814,0.687415770804445
568213,129.534024284817,2.63728928928103,0.687415770804445
568214,335.832019014373,2.00190768727581,0.687415770804445
568215,352.496987405397,2.43531227824255,0.687415770804445
568216,-185.520447765363,1.60752488154488,0.687415770804445
568217,163.507381125902,0.655451571905872,0.687415770804445
568218,2.07322218558894,1.2435653873287,0.687415770804445
568219,6.16580764690242,0.992995595244333,0.687415770804445
568220,6.84714,1.9443054121216,0.687415770804445
568221,19.47464,1.9443054121216,0.687415770804445
568224,31.6102607124821,0.610331510991259,0.687415770804445
568225,7.97613473429951,1.39842301624873,0.687415770804445
568226,138.16882,1.84453007078898,0.687415770804445
568227,255.120945597527,0.643787696955467,0.687415770804445
568228,297.52093,1.9345594589594,0.687415770804445
568230,270.35009065192,0.822157185167473,0.687415770804445
568231,225.708928347612,0.726813352304826,0.687415770804445
568232,253.898679191919,1.14199298508068,0.687415770804445
568252,-110.732440750822,1.85015345321132,0.687415770804445
568253,-89.8681067041647,1.6604593005757,0.687415770804445
568254,-387.547424515163,0.695347850044381,0.687415770804445
568255,-386.682463448061,0.720591578944975,0.687415770804445
568256,-388.434634526422,0.845730311828885,0.687415770804445
568311,601.998690631927,1.08282292069092,0.687415770804445
568312,622.531395791221,0.729076978006703,0.687415770804445
568561,-75.2107059741504,1.98707690913045,0.687415770804445
568562,-121.970314078635,1.12055086834894,0.687415770804445
568563,-115.827557245233,1.59099446305525,0.687415770804445
568564,-114.041046654832,1.88401526889175,0.687415770804445
568565,-103.067800194609,1.3992208088021,0.687415770804445
568566,-85.8295560124462,1.87490369398551,0.687415770804445
568567,-78.120347683102,1.90731160269688,0.687415770804445
568568,-71.3825497510771,1.55089014958078,0.687415770804445
568569,-39.7336740934844,1.38622845690569,0.687415770804445
568648,-16.5954331303116,1.91545968455531,0.687415770804445
568649,-9.53328317280454,1.81183071507167,0.687415770804445
568650,56.1474188934132,1.36022119919196,0.687415770804445
568651,62.3172901149701,1.26909837702922,0.687415770804445
568656,1.25232875354108,1.55314870078805,0.687415770804445
568714,4.71905684198517,1.08899861646466,0.687415770804445
568834,43.1560489485494,1.19343133689841,0.687415770804445
568835,38.6117970266713,0.878055849337075,0.687415770804445
568836,41.1802804286153,1.24911781656746,0.687415770804445
568837,46.9564831443114,0.953359509769575,0.687415770804445
568838,43.5135982521404,0.932185422327304,0.687415770804445
568839,45.276610856139,0.740916790453043,0.687415770804445
568840,51.9026471713309,0.820409978596581,0.687415770804445
568841,54.5569899012989,0.803304506146485,0.687415770804445
568842,65.5631483008703,1.02864187341473,0.687415770804445
568843,58.9613074792219,0.911745231582824,0.687415770804445
568844,67.1450442339321,0.665993079389126,0.687415770804445
568845,74.8251270710736,0.999171907183915,0.687415770804445
568846,271.546045605925,1.43388493542142,0.687415770804445
568847,231.584420060592,1.33943982575162,0.687415770804445
568848,149.084879145908,1.0836675268303,0.687415770804445
568849,189.353118089839,0.843049315750655,0.687415770804445
568850,191.473209938945,1.03118660993769,0.687415770804445
568851,31.9233383482143,1.12590285607156,0.687415770804445
568852,35.0963848591549,1.06422098075055,0.687415770804445
568853,-25.968615184136,1.79560527948935,0.687415770804445
568854,192.374365401653,1.07130001909952,0.687415770804445
568869,22.3947616890836,1.00324302007494,0.687415770804445
568870,24.4103771111433,1.50003084206144,0.687415770804445
568871,38.4727480855765,1.39105011202733,0.687415770804445
568872,36.2580454852941,1.13282109686603,0.687415770804445
568873,55.8223533299128,1.29933160541123,0.687415770804445
568874,68.5654930528476,1.28900321717143,0.687415770804445
568995,68.5771921269687,1.0513770129113,0.687415770804445
569009,20.3171477318671,1.10680131217981,0.687415770804445
569010,29.9947602173322,1.34865000292051,0.687415770804445
569011,31.8452048737133,1.39176117570486,0.687415770804445
569012,61.0226257762557,1.06148854888727,0.687415770804445
569013,64.2745267234961,1.2063570123367,0.687415770804445
569032,47.2046904327794,0.952864057788736,0.687415770804445
569033,48.6563485977815,1.30117864163977,0.687415770804445
569064,28.7218594476591,0.575128974989201,0.687415770804445
569068,48.7431364620939,1.26371302530203,0.687415770804445
569069,39.7792839571429,1.29175578514754,0.687415770804445
569070,69.9537657400722,1.35773825304822,0.687415770804445
569071,33.4106236428571,1.14184350290192,0.687415770804445
569072,26.6680606642857,1.40365600205216,0.687415770804445
569186,21.4573924401914,1.03379421236424,0.687415770804445
569187,16.1304916302819,1.05646073206051,0.687415770804445
569220,12.851790061011,1.21525742322299,0.687415770804445
569221,18.7934096658919,1.2404115380584,0.687415770804445
569222,3.86636863909273,1.17770448056341,0.687415770804445
569226,32.4991977320475,1.39946414311196,0.687415770804445
569227,35.0111158825555,1.63121671960329,0.687415770804445
569228,35.6957653159979,1.62399465252327,0.687415770804445
569229,31.6074652729464,1.1934897174625,0.687415770804445
569230,34.7585831472424,0.73786280590879,0.687415770804445
569231,30.8506357681278,1.51312309119931,0.687415770804445
569232,34.5748153953298,1.26044669760626,0.687415770804445
569233,66.6498367579452,1.28005907363158,0.687415770804445
569234,59.6729763757396,1.26366023187883,0.687415770804445
569235,71.9850148047337,1.09056819851568,0.687415770804445
569236,32.7131873002868,1.4501291863832,0.687415770804445
569247,-346.900795649134,1.07336719479024,0.687415770804445
569248,-359.134107124685,1.58302685564184,0.687415770804445
569249,-384.979847334624,1.20894205927144,0.687415770804445
569281,25.2491656246985,1.1171003733308,0.687415770804445
569282,11.4689863489839,1.41829893826018,0.687415770804445
569283,11.6546345059566,1.17256448308871,0.687415770804445
569284,10.1947656008147,1.15943353796351,0.687415770804445
569285,20.2676935285865,1.16027156083705,0.687415770804445
569286,-384.104487072706,1.25473262452125,0.687415770804445
569287,11.9085915203022,1.37674186639158,0.687415770804445
569288,13.2543675542965,1.32589387626701,0.687415770804445
569289,20.111311822474,1.09126732914138,0.687415770804445
569290,5.42712855555556,0.957135781569369,0.687415770804445
569291,9.84539858721232,1.3017147169575,0.687415770804445
569325,-389.571124123034,0.794636446781659,0.687415770804445
569326,-373.813877307023,1.2760775111462,0.687415770804445
569691,10.8501239578691,1.52395722740116,0.687415770804445
597,178.283867592593,0.47991635907346,0.687415770804445
6236,590.492449999999,7.780380503269,0.687415770804445
6267,249.272803846154,1.35709103653689,0.687415770804445
86866,172.924134072398,1.02065036341369,0.687415770804445
900001,236.4476367,0.956274156956537,0.687415770804445
900002,222.188230264901,0.844247425593011,0.687415770804445
900003,117.982267078652,0.748715738602038,0.687415770804445
900004,130.405623275756,0.800098324540703,0.687415770804445
900005,170.72642327932,2.7466408817822,0.687415770804445
900006,134.193699392382,1.76748788679855,0.687415770804445
900007,114.580188630986,0.814122926159599,0.687415770804445
900008,716.304369198785,1.07267983749004,0.687415770804445
900009,724.288492659982,1.77682797342774,0.687415770804445
900010,786.619731206225,1.029787188502,0.687415770804445
900011,-361.134697901645,0.341832586324076,0.687415770804445
900012,209.940755641078,0.486709778721858,0.687415770804445
900013,-299.399408882074,1.87844952536281,0.687415770804445
900014,285.254632194378,0.732849638663834,0.687415770804445
900016,275.097546740045,0.27317469275775,0.687415770804445
900020,197.243815268631,0.880553640219335,0.687415770804445
900021,214.33021261465,0.538870790661614,0.687415770804445
900022,241.923831074155,0.743271298149461,0.687415770804445
900023,164.802049936306,1.01252517592846,0.687415770804445
900024,144.29087261477,0.972930505160146,0.687415770804445
900025,633.83669230005,0.188217524085329,0.687415770804445
900026,15.5700348965517,0.792948764775438,0.687415770804445
900027,17.2141857586207,0.884406586765129,0.687415770804445
940169,46.6877590806591,0.867692883609887,0.687415770804445
940170,45.5338204293148,1.02868351335199,0.687415770804445
960001,113.729347955531,1.30579072113441,0.687415770804445
960002,99.0626359182118,1.3225293118255,0.687415770804445
960003,102.313619220218,1.1663634612887,0.687415770804445
960004,90.5062092684785,1.25601934986107,0.687415770804445
960005,52.0197708411623,1.3937160910938,0.687415770804445
960006,55.090438630107,1.46775802841402,0.687415770804445
960008,358.087804702932,1.09048593972786,0.687415770804445
960009,357.730868043045,1.08718323901132,0.687415770804445
980001,1444.47051112965,5.78936284782242,0.687415770804445
512765,-136.93318,NaN,NaN
464917,43.1937,0.000387431534567919,0.00111765948206963
464919,50.8577,0.00044204735775797,0.00111765948206963
464921,33.0365,0.000513522377932511,0.00111765948206963
464926,48.2636309784318,0.000810865259917069,0.00111765948206963
464927,47.8785,0.000625312241356097,0.00111765948206963
492288,34.1300219910128,0.00174464345295238,0.00111765948206963
492289,34.1062587694435,0.00187939422587565,0.00111765948206963
492290,33.0528300622192,0.00162511812512566,0.00111765948206963
492291,48.3645462178873,0.00104501943110365,0.00111765948206963
